ds,product_category,series,units,units_lower,units_upper,series_code
2025-07-05,Apparel,Actual,1310.0,,,0
2025-07-06,Apparel,Actual,1032.0,,,0
2025-07-07,Apparel,Actual,796.0,,,0
2025-07-08,Apparel,Actual,572.0,,,0
2025-07-09,Apparel,Actual,739.0,,,0
2025-07-10,Apparel,Actual,792.0,,,0
2025-07-11,Apparel,Actual,960.0,,,0
2025-07-12,Apparel,Actual,1325.0,,,0
2025-07-13,Apparel,Actual,1086.0,,,0
2025-07-14,Apparel,Actual,789.0,,,0
2025-07-15,Apparel,Actual,729.0,,,0
2025-07-16,Apparel,Actual,828.0,,,0
2025-07-17,Apparel,Actual,984.0,,,0
2025-07-18,Apparel,Actual,1004.0,,,0
2025-07-19,Apparel,Actual,1454.0,,,0
2025-07-20,Apparel,Actual,1171.0,,,0
2025-07-21,Apparel,Actual,733.0,,,0
2025-07-22,Apparel,Actual,795.0,,,0
2025-07-23,Apparel,Actual,990.0,,,0
2025-07-24,Apparel,Actual,835.0,,,0
2025-07-25,Apparel,Actual,974.0,,,0
2025-07-26,Apparel,Actual,1328.0,,,0
2025-07-27,Apparel,Actual,1162.0,,,0
2025-07-28,Apparel,Actual,730.0,,,0
2025-07-29,Apparel,Actual,834.0,,,0
2025-07-30,Apparel,Actual,763.0,,,0
2025-07-31,Apparel,Actual,820.0,,,0
2025-08-01,Apparel,Actual,992.0,,,0
2025-08-02,Apparel,Actual,1283.0,,,0
2025-08-03,Apparel,Actual,1136.0,,,0
2025-08-04,Apparel,Actual,758.0,,,0
2025-08-05,Apparel,Actual,781.0,,,0
2025-08-06,Apparel,Actual,842.0,,,0
2025-08-07,Apparel,Actual,1003.0,,,0
2025-08-08,Apparel,Actual,1341.0,,,0
2025-08-09,Apparel,Actual,1798.0,,,0
2025-08-10,Apparel,Actual,1532.0,,,0
2025-08-11,Apparel,Actual,1123.0,,,0
2025-08-12,Apparel,Actual,1032.0,,,0
2025-08-13,Apparel,Actual,1103.0,,,0
2025-08-14,Apparel,Actual,1105.0,,,0
2025-08-15,Apparel,Actual,1520.0,,,0
2025-08-16,Apparel,Actual,1670.0,,,0
2025-08-17,Apparel,Actual,2294.0,,,0
2025-08-18,Apparel,Actual,1500.0,,,0
2025-08-19,Apparel,Actual,1149.0,,,0
2025-08-20,Apparel,Actual,1287.0,,,0
2025-08-21,Apparel,Actual,1156.0,,,0
2025-08-22,Apparel,Actual,1349.0,,,0
2025-08-23,Apparel,Actual,2963.0,,,0
2025-08-24,Apparel,Actual,1821.0,,,0
2025-08-25,Apparel,Actual,1056.0,,,0
2025-08-26,Apparel,Actual,1130.0,,,0
2025-08-27,Apparel,Actual,1110.0,,,0
2025-08-28,Apparel,Actual,1195.0,,,0
2025-08-29,Apparel,Actual,1478.0,,,0
2025-08-30,Apparel,Actual,2153.0,,,0
2025-08-31,Apparel,Actual,1477.0,,,0
2025-09-01,Apparel,Actual,842.0,,,0
2025-09-02,Apparel,Actual,796.0,,,0
2025-09-03,Apparel,Actual,942.0,,,0
2025-09-04,Apparel,Actual,988.0,,,0
2025-09-05,Apparel,Actual,1295.0,,,0
2025-09-06,Apparel,Actual,1485.0,,,0
2025-09-07,Apparel,Actual,1364.0,,,0
2025-09-08,Apparel,Actual,791.0,,,0
2025-09-09,Apparel,Actual,1367.0,,,0
2025-09-10,Apparel,Actual,840.0,,,0
2025-09-11,Apparel,Actual,957.0,,,0
2025-09-12,Apparel,Actual,1117.0,,,0
2025-09-13,Apparel,Actual,1632.0,,,0
2025-09-14,Apparel,Actual,1387.0,,,0
2025-09-15,Apparel,Actual,814.0,,,0
2025-09-16,Apparel,Actual,885.0,,,0
2025-09-17,Apparel,Actual,894.0,,,0
2025-09-18,Apparel,Actual,873.0,,,0
2025-09-19,Apparel,Actual,1059.0,,,0
2025-09-20,Apparel,Actual,1658.0,,,0
2025-09-21,Apparel,Actual,1400.0,,,0
2025-09-22,Apparel,Actual,813.0,,,0
2025-09-23,Apparel,Actual,811.0,,,0
2025-09-24,Apparel,Actual,885.0,,,0
2025-09-25,Apparel,Actual,1069.0,,,0
2025-09-26,Apparel,Actual,1258.0,,,0
2025-09-27,Apparel,Actual,1445.0,,,0
2025-09-28,Apparel,Actual,1399.0,,,0
2025-09-29,Apparel,Actual,907.0,,,0
2025-09-30,Apparel,Actual,890.0,,,0
2025-10-01,Apparel,Actual,900.0,,,0
2025-10-02,Apparel,Actual,976.0,,,0
2025-10-03,Apparel,Actual,1146.0,,,0
2025-10-04,Apparel,Actual,1511.0,,,0
2025-10-05,Apparel,Actual,1339.0,,,0
2025-10-06,Apparel,Actual,888.0,,,0
2025-10-07,Apparel,Actual,939.0,,,0
2025-10-08,Apparel,Actual,851.0,,,0
2025-10-09,Apparel,Actual,1033.0,,,0
2025-10-10,Apparel,Actual,907.0,,,0
2025-10-11,Apparel,Actual,1477.0,,,0
2025-10-12,Apparel,Actual,1480.0,,,0
2025-10-13,Apparel,Actual,837.0,,,0
2025-10-14,Apparel,Actual,999.0,,,0
2025-10-15,Apparel,Actual,1341.0,,,0
2025-10-16,Apparel,Actual,912.0,,,0
2025-10-17,Apparel,Actual,1093.0,,,0
2025-10-18,Apparel,Actual,1456.0,,,0
2025-10-19,Apparel,Actual,1345.0,,,0
2025-10-20,Apparel,Actual,760.0,,,0
2025-10-21,Apparel,Actual,843.0,,,0
2025-10-22,Apparel,Actual,937.0,,,0
2025-10-23,Apparel,Actual,822.0,,,0
2025-10-24,Apparel,Actual,942.0,,,0
2025-10-25,Apparel,Actual,1484.0,,,0
2025-10-26,Apparel,Actual,2159.0,,,0
2025-10-27,Apparel,Actual,801.0,,,0
2025-10-28,Apparel,Actual,727.0,,,0
2025-10-29,Apparel,Actual,805.0,,,0
2025-10-30,Apparel,Actual,1259.0,,,0
2025-10-31,Apparel,Actual,1064.0,,,0
2025-11-01,Apparel,Actual,1280.0,,,0
2025-11-02,Apparel,Actual,1146.0,,,0
2025-11-03,Apparel,Actual,797.0,,,0
2025-11-04,Apparel,Actual,705.0,,,0
2025-11-05,Apparel,Actual,804.0,,,0
2025-11-06,Apparel,Actual,932.0,,,0
2025-11-07,Apparel,Actual,887.0,,,0
2025-11-08,Apparel,Actual,1340.0,,,0
2025-11-09,Apparel,Actual,1110.0,,,0
2025-11-10,Apparel,Actual,749.0,,,0
2025-11-11,Apparel,Actual,637.0,,,0
2025-11-12,Apparel,Actual,930.0,,,0
2025-11-13,Apparel,Actual,1313.0,,,0
2025-11-14,Apparel,Actual,1110.0,,,0
2025-11-15,Apparel,Actual,1415.0,,,0
2025-11-16,Apparel,Actual,1160.0,,,0
2025-11-17,Apparel,Actual,805.0,,,0
2025-11-18,Apparel,Actual,835.0,,,0
2025-11-19,Apparel,Actual,824.0,,,0
2025-11-20,Apparel,Actual,816.0,,,0
2025-11-21,Apparel,Actual,1034.0,,,0
2025-11-22,Apparel,Actual,1178.0,,,0
2025-11-23,Apparel,Actual,1160.0,,,0
2025-11-24,Apparel,Actual,733.0,,,0
2025-11-25,Apparel,Actual,807.0,,,0
2025-11-26,Apparel,Actual,822.0,,,0
2025-11-27,Apparel,Actual,860.0,,,0
2025-11-28,Apparel,Actual,3036.0,,,0
2025-11-29,Apparel,Actual,1351.0,,,0
2025-11-30,Apparel,Actual,1168.0,,,0
2025-12-01,Apparel,Actual,1242.0,,,0
2025-12-02,Apparel,Actual,807.0,,,0
2025-12-03,Apparel,Actual,711.0,,,0
2025-12-04,Apparel,Actual,821.0,,,0
2025-12-05,Apparel,Actual,820.0,,,0
2025-12-06,Apparel,Actual,1305.0,,,0
2025-12-07,Apparel,Actual,1255.0,,,0
2025-12-08,Apparel,Actual,734.0,,,0
2025-12-09,Apparel,Actual,766.0,,,0
2025-12-10,Apparel,Actual,757.0,,,0
2025-12-11,Apparel,Actual,811.0,,,0
2025-12-12,Apparel,Actual,791.0,,,0
2025-12-13,Apparel,Actual,1273.0,,,0
2025-12-14,Apparel,Actual,1085.0,,,0
2025-12-15,Apparel,Actual,683.0,,,0
2025-12-16,Apparel,Actual,565.0,,,0
2025-12-17,Apparel,Actual,683.0,,,0
2025-12-18,Apparel,Actual,694.0,,,0
2025-12-19,Apparel,Actual,887.0,,,0
2025-12-20,Apparel,Actual,996.0,,,0
2025-12-21,Apparel,Actual,1097.0,,,0
2025-12-22,Apparel,Actual,640.0,,,0
2025-12-23,Apparel,Actual,1414.0,,,0
2025-12-24,Apparel,Actual,1181.0,,,0
2025-12-25,Apparel,Actual,809.0,,,0
2025-12-26,Apparel,Actual,881.0,,,0
2025-12-27,Apparel,Actual,1156.0,,,0
2025-12-28,Apparel,Actual,943.0,,,0
2025-12-29,Apparel,Actual,695.0,,,0
2025-12-30,Apparel,Actual,689.0,,,0
2025-12-31,Apparel,Actual,740.0,,,0
2025-10-03,Apparel,Backtest,1137.2385781062433,935.3080477879708,1345.4030001526144,2
2025-10-04,Apparel,Backtest,1396.2906770012391,1202.897409010062,1584.586739477655,2
2025-10-05,Apparel,Backtest,1276.701419936601,1086.6290751796637,1477.861581360747,2
2025-10-06,Apparel,Backtest,892.1121526360481,686.8346548811235,1105.5217475837098,2
2025-10-07,Apparel,Backtest,887.8806166100029,671.5934569384389,1083.3253673852842,2
2025-10-08,Apparel,Backtest,935.7291012879864,743.5001163091842,1128.524017465326,2
2025-10-09,Apparel,Backtest,962.0591966638456,776.134191441044,1170.4074298119492,2
2025-10-10,Apparel,Backtest,1132.355706916956,934.5944210543008,1333.2154729933743,2
2025-10-11,Apparel,Backtest,1399.4393569699362,1197.1090843599252,1592.0736583832015,2
2025-10-12,Apparel,Backtest,1267.4887455039325,1070.2756842641684,1459.8366388025768,2
2025-10-13,Apparel,Backtest,857.1382920441089,649.0729363805979,1059.7457628290097,2
2025-10-14,Apparel,Backtest,835.1528764722428,626.4980289664596,1032.7777953329462,2
2025-10-15,Apparel,Backtest,881.2385131965755,680.1133108954866,1081.019823218959,2
2025-10-16,Apparel,Backtest,919.9300624355816,716.6045045742673,1121.2418319644642,2
2025-10-17,Apparel,Backtest,1103.2324579821363,918.9773760979554,1295.5877208528302,2
2025-10-18,Apparel,Backtest,1372.5212208940686,1171.3847772605411,1566.5656181258755,2
2025-10-19,Apparel,Backtest,1232.305620318308,1043.077089436395,1420.7384064440637,2
2025-10-20,Apparel,Backtest,815.9800210690586,621.9806611709548,1006.2760824204938,2
2025-10-21,Apparel,Backtest,798.3949066945315,607.0849188631915,1015.9172452079096,2
2025-10-22,Apparel,Backtest,862.1935514206143,666.8593255762589,1064.802925249483,2
2025-10-23,Apparel,Backtest,920.663108085784,723.9898066795749,1124.3250337878271,2
2025-10-24,Apparel,Backtest,1115.5944838777302,920.2802883910668,1325.3811283103137,2
2025-10-25,Apparel,Backtest,1386.209499438287,1183.260968176803,1586.962577295723,2
2025-10-26,Apparel,Backtest,1242.3579468767211,1037.1532446148858,1437.0953233593953,2
2025-10-27,Apparel,Backtest,823.651757062813,613.5301568265893,1037.05117862498,2
2025-10-28,Apparel,Backtest,805.0237886400366,606.4590481385258,996.5404734678768,2
2025-10-29,Apparel,Backtest,862.5600521888047,656.4031001349434,1061.862408791655,2
2025-10-30,Apparel,Backtest,906.18399246106,714.7702851353479,1121.6964270682818,2
2025-10-31,Apparel,Backtest,1083.436070642959,879.9794313409943,1276.8854154205726,2
2025-11-01,Apparel,Backtest,1344.580283072264,1134.598701073951,1536.9060846102327,2
2025-11-02,Apparel,Backtest,1205.5710454584228,1002.141468686881,1413.381945666407,2
2025-11-03,Apparel,Backtest,801.7385671637313,607.991137985229,989.5136602025696,2
2025-11-04,Apparel,Backtest,796.7987459459283,609.2236920254269,991.2237605400592,2
2025-11-05,Apparel,Backtest,857.9424232630089,668.7668209520348,1046.6135908302128,2
2025-11-06,Apparel,Backtest,898.4866056830668,697.1197735069329,1090.4301803875358,2
2025-11-07,Apparel,Backtest,1078.567294826714,862.0804028453701,1273.9436376232834,2
2025-11-08,Apparel,Backtest,1357.4383240546013,1159.2895424803355,1560.5503041630975,2
2025-11-09,Apparel,Backtest,1246.1128197037058,1047.33428588519,1434.3391476536492,2
2025-11-10,Apparel,Backtest,864.5041061295004,642.7983291649633,1060.5098335554824,2
2025-11-11,Apparel,Backtest,862.448107871561,655.6811425950581,1066.8407530950778,2
2025-11-12,Apparel,Backtest,908.9750081660824,703.0071494349282,1115.2189725394762,2
2025-11-13,Apparel,Backtest,929.07724116014,733.9674511226767,1131.0407712490507,2
2025-11-14,Apparel,Backtest,1100.2139919914553,908.9469230133086,1302.1131769507565,2
2025-11-15,Apparel,Backtest,1386.4427688834942,1186.1230938367682,1597.506078011584,2
2025-11-16,Apparel,Backtest,1288.4684756309014,1081.3470008268932,1478.980549328226,2
2025-11-17,Apparel,Backtest,912.0119323188236,705.1563938710614,1108.9353953571583,2
2025-11-18,Apparel,Backtest,902.7863026203383,687.4262779563359,1101.3806410533152,2
2025-11-19,Apparel,Backtest,934.3973686371312,729.5416713179112,1133.5436114854467,2
2025-11-20,Apparel,Backtest,946.9225472463214,760.362976751863,1136.639770326779,2
2025-11-21,Apparel,Backtest,1123.380145904241,912.286142786656,1320.2068661646683,2
2025-11-22,Apparel,Backtest,1422.054210359678,1215.246373578919,1620.07587166309,2
2025-11-23,Apparel,Backtest,1331.451144079373,1134.083854058627,1542.6490267324032,2
2025-11-24,Apparel,Backtest,950.68279844212,746.6072150408951,1165.5844603672165,2
2025-11-25,Apparel,Backtest,929.1412092648762,728.1178257768304,1122.4573192858486,2
2025-11-26,Apparel,Backtest,947.41504629603,745.8141257049531,1143.4068890765282,2
2025-11-27,Apparel,Backtest,942.7535626672598,748.0837086688696,1140.3239118017684,2
2025-11-28,Apparel,Backtest,1112.245876518996,910.9191452403554,1314.1302142689192,2
2025-11-29,Apparel,Backtest,1390.5225737334688,1200.2021857895725,1602.6168250969577,2
2025-11-30,Apparel,Backtest,1272.4747733955785,1074.796797652011,1488.5941753603383,2
2025-12-01,Apparel,Backtest,866.8942131871397,653.2467555529465,1079.7181241969258,2
2025-12-02,Apparel,Backtest,834.4689386664256,631.4252562279842,1032.24808834171,2
2025-12-03,Apparel,Backtest,856.913178979008,662.4082596354978,1066.9639904831229,2
2025-12-04,Apparel,Backtest,868.0051779006741,671.4682622226244,1065.0617959685007,2
2025-12-05,Apparel,Backtest,1035.362201968361,835.5036624203238,1240.713991796206,2
2025-12-06,Apparel,Backtest,1308.6196245114288,1124.8385437025506,1512.3494879915536,2
2025-12-07,Apparel,Backtest,1185.2213169065444,986.5997384330776,1392.0987669570586,2
2025-12-08,Apparel,Backtest,786.6194171712812,584.389005290305,991.0764811255916,2
2025-12-09,Apparel,Backtest,777.3908790832631,590.9525127755375,986.195086245672,2
2025-12-10,Apparel,Backtest,827.6718417277266,627.9619240902323,1036.1619317660409,2
2025-12-11,Apparel,Backtest,854.3191286453073,655.1586617863353,1058.7641293734923,2
2025-12-12,Apparel,Backtest,1017.0725825932996,812.0110659072151,1218.4975172145903,2
2025-12-13,Apparel,Backtest,1273.3841198923656,1063.943659254816,1459.5680900159175,2
2025-12-14,Apparel,Backtest,1137.2167102228036,928.8209525271096,1336.7992187476648,2
2025-12-15,Apparel,Backtest,741.9847565590583,521.7049537938697,944.2850624125876,2
2025-12-16,Apparel,Backtest,750.0747312328565,563.0622448545994,966.82875937776,2
2025-12-17,Apparel,Backtest,817.2163542769867,610.1590322837158,1008.1886002491692,2
2025-12-18,Apparel,Backtest,848.5535241820122,653.1974007386855,1042.2586305309226,2
2025-12-19,Apparel,Backtest,1004.9745391641424,805.8640008798833,1217.71347277261,2
2025-12-20,Apparel,Backtest,1255.4334952295806,1051.7819264561267,1442.7490572944391,2
2025-12-21,Apparel,Backtest,1123.956836061105,926.4236134021731,1334.069781411462,2
2025-12-22,Apparel,Backtest,744.1087012075028,545.9353906551987,936.7233602431,2
2025-12-23,Apparel,Backtest,769.0512209932177,561.095881472527,965.9373408114972,2
2025-12-24,Apparel,Backtest,843.580515545847,634.7665441493301,1040.3476824183551,2
2025-12-25,Apparel,Backtest,869.3244557797993,665.469998116013,1065.4285402074263,2
2025-12-26,Apparel,Backtest,1017.663930177742,827.894683126859,1204.971691076457,2
2025-12-27,Apparel,Backtest,1259.6275251140917,1061.0533082945904,1467.2516392460952,2
2025-12-28,Apparel,Backtest,1119.294547849895,910.1004401020144,1314.6403032529784,2
2025-12-29,Apparel,Backtest,724.3461100700998,529.0740954907185,922.2126109717158,2
2025-12-30,Apparel,Backtest,725.6748063558694,537.5926637403655,917.0315516192765,2
2025-12-31,Apparel,Backtest,773.3998979337086,575.6921916348474,980.4701663912892,2
2026-01-01,Apparel,Forecast,800.9102901221265,579.4601431449954,1029.1969280313176,1
2026-01-02,Apparel,Forecast,929.4414143455692,717.3537842406405,1135.9391175155397,1
2026-01-03,Apparel,Forecast,1176.51043937716,968.0647495829064,1397.1157497435916,1
2026-01-04,Apparel,Forecast,1051.2279602662704,826.1073112129745,1285.266795765794,1
2026-01-05,Apparel,Forecast,644.2202185528249,407.0256585076372,858.5576380449496,1
2026-01-06,Apparel,Forecast,641.4955971031287,430.6847954391845,852.9270357103703,1
2026-01-07,Apparel,Forecast,685.5954087895987,481.6979611455088,914.0836214509404,1
2026-01-08,Apparel,Forecast,705.3287553534842,488.4508728874442,925.6046326530054,1
2026-01-09,Apparel,Forecast,875.9979379179298,654.1094149308791,1087.2532452518226,1
2026-01-10,Apparel,Forecast,1143.9997654670549,927.72310176236,1354.940969724725,1
2026-01-11,Apparel,Forecast,1021.62536275553,793.4473674820526,1243.8178927670997,1
2026-01-12,Apparel,Forecast,600.3911329753531,371.5666480988429,817.1194617945247,1
2026-01-13,Apparel,Forecast,580.9392209038782,360.3722489844712,800.0323931845098,1
2026-01-14,Apparel,Forecast,619.880914727625,396.9008872131475,840.6524883976982,1
2026-01-15,Apparel,Forecast,648.7939024358633,446.7281384362459,859.7431886453361,1
2026-01-16,Apparel,Forecast,832.6556143244537,612.0763144290995,1045.457289355239,1
2026-01-17,Apparel,Forecast,1104.3672833130706,896.846974670201,1311.014106006878,1
2026-01-18,Apparel,Forecast,972.2339935439342,759.4817215563426,1180.925028927718,1
2026-01-19,Apparel,Forecast,538.7478287012118,328.94486774750203,777.2969710071148,1
2026-01-20,Apparel,Forecast,518.1897601858091,303.973549518123,740.3843710880291,1
2026-01-21,Apparel,Forecast,574.7163018801288,359.0317779790277,798.0652126927289,1
2026-01-22,Apparel,Forecast,631.8515359842252,417.65716923342313,861.9173014058689,1
2026-01-23,Apparel,Forecast,841.0673273725286,618.5007743812024,1061.2262091980804,1
2026-01-24,Apparel,Forecast,1126.5728778242085,901.5320610410424,1340.1345446809153,1
2026-01-25,Apparel,Forecast,997.7538002371056,767.3205450080346,1231.7814748645876,1
2026-01-26,Apparel,Forecast,563.5718728711144,345.81288699658694,773.6017449609288,1
2026-01-27,Apparel,Forecast,544.1476017367977,318.06244711174014,762.7155266598869,1
2026-01-28,Apparel,Forecast,596.532809025052,386.6160810567451,832.8775417282043,1
2026-01-29,Apparel,Forecast,638.4002038917994,415.276426591363,850.5493208346229,1
2026-01-30,Apparel,Forecast,822.1651670197533,591.8857084625088,1033.0832320585512,1
2026-01-31,Apparel,Forecast,1081.982507510376,858.888753545254,1309.881779364764,1
2026-02-01,Apparel,Forecast,938.4875948731004,726.0115288207354,1144.414272796821,1
2026-02-02,Apparel,Forecast,504.45184019082967,298.7448418757781,717.6709506940279,1
2026-02-03,Apparel,Forecast,493.54290322539657,286.0806394942857,700.4519850992475,1
2026-02-04,Apparel,Forecast,551.3998850749991,330.5679256106476,761.8972245441336,1
2026-02-05,Apparel,Forecast,592.1454430417839,354.7318495257624,806.4080533456844,1
2026-02-06,Apparel,Forecast,775.8911800885579,558.5885404565757,998.637024053142,1
2026-02-07,Apparel,Forecast,1047.2462832136223,829.2528436214365,1253.667643336033,1
2026-02-08,Apparel,Forecast,927.9968257374492,684.8598328448572,1142.9494761423375,1
2026-02-09,Apparel,Forecast,520.070479770852,293.3163922639755,744.2214393853337,1
2026-02-10,Apparel,Forecast,522.5290795212306,296.6513357412861,748.7096186979821,1
2026-02-11,Apparel,Forecast,573.7169462660875,359.7472410847328,795.2032689275275,1
2026-02-12,Apparel,Forecast,595.845787544468,386.0898624381496,817.2615442980534,1
2026-02-13,Apparel,Forecast,765.3712478717433,545.687560614498,996.836964021624,1
2026-02-14,Apparel,Forecast,1036.753358249298,809.6104840877018,1245.6812833861984,1
2026-02-15,Apparel,Forecast,926.621553186676,699.7703221217645,1142.5806699646855,1
2026-02-16,Apparel,Forecast,520.6294979762952,284.451877838651,738.420954002987,1
2026-02-17,Apparel,Forecast,517.1986238265081,292.5404923766378,735.5953125250849,1
2026-02-18,Apparel,Forecast,550.2924649958652,345.69914838815106,758.3487052733602,1
2026-02-19,Apparel,Forecast,558.9375147588598,327.43829525548887,774.7912296068471,1
2026-02-20,Apparel,Forecast,731.7252918768847,504.9277635253295,948.8886493387122,1
2026-02-21,Apparel,Forecast,1022.3931238786752,805.9472195174372,1254.0076624318303,1
2026-02-22,Apparel,Forecast,935.0005258182796,711.198155399262,1170.6754177668038,1
2026-02-23,Apparel,Forecast,545.5813024200685,325.1259894931636,757.5845065294909,1
2026-02-24,Apparel,Forecast,542.3419143455695,321.25324029835934,757.2787614722662,1
2026-02-25,Apparel,Forecast,572.3231621733954,358.83550819455405,788.991651010623,1
2026-02-26,Apparel,Forecast,577.879455138362,357.09150596293256,799.2793920081892,1
2026-02-27,Apparel,Forecast,746.8470925918192,538.1279690867583,979.4445889899488,1
2026-02-28,Apparel,Forecast,1026.223948314333,809.4374744923689,1263.2341338436684,1
2026-03-01,Apparel,Forecast,915.677146172878,681.3774549879375,1149.073591227407,1
2026-03-02,Apparel,Forecast,497.1750670565384,274.5041697530086,714.072679013224,1
2026-03-03,Apparel,Forecast,472.31624604880847,259.0102049981477,702.6718359818099,1
2026-03-04,Apparel,Forecast,496.4854396442764,280.9487441450996,712.5894906250007,1
2026-03-05,Apparel,Forecast,509.628539878136,290.4506341679818,734.830402884864,1
2026-03-06,Apparel,Forecast,689.087948243099,487.5409871341829,912.5114005952008,1
2026-03-07,Apparel,Forecast,973.361140180216,755.5394413472231,1200.2362648489116,1
2026-03-08,Apparel,Forecast,863.6827021545673,641.9045029589787,1087.903456504932,1
2026-03-09,Apparel,Forecast,452.61489758031865,248.1551849738003,681.6027157031822,1
2026-03-10,Apparel,Forecast,450.0970820751371,231.0809722791683,678.7409194942734,1
2026-03-11,Apparel,Forecast,506.0036530945882,287.59259787526105,730.2110280124384,1
2026-03-12,Apparel,Forecast,545.0368501472133,320.1531335593972,765.9326259172994,1
2026-03-13,Apparel,Forecast,731.8913762642632,502.20687669750674,936.0711013551008,1
2026-03-14,Apparel,Forecast,1005.6388497247624,777.0985432133542,1224.514046739329,1
2026-03-15,Apparel,Forecast,880.5629049835437,638.9900149061104,1102.4184207963683,1
2026-03-16,Apparel,Forecast,464.0699465467988,258.97991109684983,701.7771670525311,1
2026-03-17,Apparel,Forecast,469.9912378253659,242.91868126623197,679.4196288395702,1
2026-03-18,Apparel,Forecast,537.0303717526963,322.7901157260683,749.4599837281836,1
2026-03-19,Apparel,Forecast,576.2584555659522,357.90273515527264,809.5616950458158,1
2026-03-20,Apparel,Forecast,749.3592433248725,526.0209683715474,954.7792860261036,1
2026-03-21,Apparel,Forecast,1005.7641536820224,789.1363980315238,1236.1877665192603,1
2026-03-22,Apparel,Forecast,873.9932917509678,656.6641344514516,1085.2271364298429,1
2026-03-23,Apparel,Forecast,467.9375583167192,239.88014357750276,683.8553116776455,1
2026-03-24,Apparel,Forecast,495.2175852585056,266.217478380741,711.0059674788619,1
2026-03-25,Apparel,Forecast,580.3204911155904,356.7602257681152,795.3800180272063,1
2026-03-26,Apparel,Forecast,625.6952785346599,417.581970026314,831.1091459453985,1
2026-03-27,Apparel,Forecast,795.2573740240869,577.4917475107338,1022.9515168219256,1
2026-03-28,Apparel,Forecast,1045.6264522141514,816.210787778448,1259.855066422273,1
2026-03-29,Apparel,Forecast,907.7663295952142,693.6183438450303,1124.7618494383676,1
2026-03-30,Apparel,Forecast,491.1607638245689,284.8956835072367,701.0160354129332,1
2026-03-31,Apparel,Forecast,498.1004276353326,281.2822055751296,725.186470570222,1
2025-07-05,Beauty,Actual,452.0,,,0
2025-07-06,Beauty,Actual,447.0,,,0
2025-07-07,Beauty,Actual,333.0,,,0
2025-07-08,Beauty,Actual,307.0,,,0
2025-07-09,Beauty,Actual,294.0,,,0
2025-07-10,Beauty,Actual,266.0,,,0
2025-07-11,Beauty,Actual,366.0,,,0
2025-07-12,Beauty,Actual,508.0,,,0
2025-07-13,Beauty,Actual,402.0,,,0
2025-07-14,Beauty,Actual,313.0,,,0
2025-07-15,Beauty,Actual,303.0,,,0
2025-07-16,Beauty,Actual,305.0,,,0
2025-07-17,Beauty,Actual,353.0,,,0
2025-07-18,Beauty,Actual,341.0,,,0
2025-07-19,Beauty,Actual,531.0,,,0
2025-07-20,Beauty,Actual,687.0,,,0
2025-07-21,Beauty,Actual,337.0,,,0
2025-07-22,Beauty,Actual,276.0,,,0
2025-07-23,Beauty,Actual,293.0,,,0
2025-07-24,Beauty,Actual,325.0,,,0
2025-07-25,Beauty,Actual,365.0,,,0
2025-07-26,Beauty,Actual,450.0,,,0
2025-07-27,Beauty,Actual,457.0,,,0
2025-07-28,Beauty,Actual,338.0,,,0
2025-07-29,Beauty,Actual,318.0,,,0
2025-07-30,Beauty,Actual,344.0,,,0
2025-07-31,Beauty,Actual,317.0,,,0
2025-08-01,Beauty,Actual,380.0,,,0
2025-08-02,Beauty,Actual,568.0,,,0
2025-08-03,Beauty,Actual,537.0,,,0
2025-08-04,Beauty,Actual,428.0,,,0
2025-08-05,Beauty,Actual,305.0,,,0
2025-08-06,Beauty,Actual,346.0,,,0
2025-08-07,Beauty,Actual,392.0,,,0
2025-08-08,Beauty,Actual,390.0,,,0
2025-08-09,Beauty,Actual,565.0,,,0
2025-08-10,Beauty,Actual,513.0,,,0
2025-08-11,Beauty,Actual,354.0,,,0
2025-08-12,Beauty,Actual,358.0,,,0
2025-08-13,Beauty,Actual,356.0,,,0
2025-08-14,Beauty,Actual,400.0,,,0
2025-08-15,Beauty,Actual,476.0,,,0
2025-08-16,Beauty,Actual,470.0,,,0
2025-08-17,Beauty,Actual,1247.0,,,0
2025-08-18,Beauty,Actual,371.0,,,0
2025-08-19,Beauty,Actual,398.0,,,0
2025-08-20,Beauty,Actual,324.0,,,0
2025-08-21,Beauty,Actual,397.0,,,0
2025-08-22,Beauty,Actual,509.0,,,0
2025-08-23,Beauty,Actual,592.0,,,0
2025-08-24,Beauty,Actual,704.0,,,0
2025-08-25,Beauty,Actual,388.0,,,0
2025-08-26,Beauty,Actual,416.0,,,0
2025-08-27,Beauty,Actual,451.0,,,0
2025-08-28,Beauty,Actual,459.0,,,0
2025-08-29,Beauty,Actual,482.0,,,0
2025-08-30,Beauty,Actual,593.0,,,0
2025-08-31,Beauty,Actual,564.0,,,0
2025-09-01,Beauty,Actual,430.0,,,0
2025-09-02,Beauty,Actual,465.0,,,0
2025-09-03,Beauty,Actual,448.0,,,0
2025-09-04,Beauty,Actual,397.0,,,0
2025-09-05,Beauty,Actual,445.0,,,0
2025-09-06,Beauty,Actual,659.0,,,0
2025-09-07,Beauty,Actual,511.0,,,0
2025-09-08,Beauty,Actual,433.0,,,0
2025-09-09,Beauty,Actual,509.0,,,0
2025-09-10,Beauty,Actual,625.0,,,0
2025-09-11,Beauty,Actual,419.0,,,0
2025-09-12,Beauty,Actual,532.0,,,0
2025-09-13,Beauty,Actual,603.0,,,0
2025-09-14,Beauty,Actual,598.0,,,0
2025-09-15,Beauty,Actual,490.0,,,0
2025-09-16,Beauty,Actual,438.0,,,0
2025-09-17,Beauty,Actual,462.0,,,0
2025-09-18,Beauty,Actual,430.0,,,0
2025-09-19,Beauty,Actual,575.0,,,0
2025-09-20,Beauty,Actual,605.0,,,0
2025-09-21,Beauty,Actual,608.0,,,0
2025-09-22,Beauty,Actual,408.0,,,0
2025-09-23,Beauty,Actual,518.0,,,0
2025-09-24,Beauty,Actual,425.0,,,0
2025-09-25,Beauty,Actual,477.0,,,0
2025-09-26,Beauty,Actual,554.0,,,0
2025-09-27,Beauty,Actual,715.0,,,0
2025-09-28,Beauty,Actual,725.0,,,0
2025-09-29,Beauty,Actual,402.0,,,0
2025-09-30,Beauty,Actual,492.0,,,0
2025-10-01,Beauty,Actual,459.0,,,0
2025-10-02,Beauty,Actual,508.0,,,0
2025-10-03,Beauty,Actual,641.0,,,0
2025-10-04,Beauty,Actual,736.0,,,0
2025-10-05,Beauty,Actual,629.0,,,0
2025-10-06,Beauty,Actual,445.0,,,0
2025-10-07,Beauty,Actual,448.0,,,0
2025-10-08,Beauty,Actual,488.0,,,0
2025-10-09,Beauty,Actual,527.0,,,0
2025-10-10,Beauty,Actual,597.0,,,0
2025-10-11,Beauty,Actual,760.0,,,0
2025-10-12,Beauty,Actual,760.0,,,0
2025-10-13,Beauty,Actual,494.0,,,0
2025-10-14,Beauty,Actual,508.0,,,0
2025-10-15,Beauty,Actual,411.0,,,0
2025-10-16,Beauty,Actual,516.0,,,0
2025-10-17,Beauty,Actual,678.0,,,0
2025-10-18,Beauty,Actual,791.0,,,0
2025-10-19,Beauty,Actual,675.0,,,0
2025-10-20,Beauty,Actual,508.0,,,0
2025-10-21,Beauty,Actual,538.0,,,0
2025-10-22,Beauty,Actual,528.0,,,0
2025-10-23,Beauty,Actual,600.0,,,0
2025-10-24,Beauty,Actual,646.0,,,0
2025-10-25,Beauty,Actual,744.0,,,0
2025-10-26,Beauty,Actual,765.0,,,0
2025-10-27,Beauty,Actual,489.0,,,0
2025-10-28,Beauty,Actual,541.0,,,0
2025-10-29,Beauty,Actual,549.0,,,0
2025-10-30,Beauty,Actual,587.0,,,0
2025-10-31,Beauty,Actual,690.0,,,0
2025-11-01,Beauty,Actual,770.0,,,0
2025-11-02,Beauty,Actual,711.0,,,0
2025-11-03,Beauty,Actual,400.0,,,0
2025-11-04,Beauty,Actual,520.0,,,0
2025-11-05,Beauty,Actual,525.0,,,0
2025-11-06,Beauty,Actual,802.0,,,0
2025-11-07,Beauty,Actual,702.0,,,0
2025-11-08,Beauty,Actual,823.0,,,0
2025-11-09,Beauty,Actual,784.0,,,0
2025-11-10,Beauty,Actual,560.0,,,0
2025-11-11,Beauty,Actual,528.0,,,0
2025-11-12,Beauty,Actual,521.0,,,0
2025-11-13,Beauty,Actual,587.0,,,0
2025-11-14,Beauty,Actual,671.0,,,0
2025-11-15,Beauty,Actual,762.0,,,0
2025-11-16,Beauty,Actual,803.0,,,0
2025-11-17,Beauty,Actual,485.0,,,0
2025-11-18,Beauty,Actual,477.0,,,0
2025-11-19,Beauty,Actual,535.0,,,0
2025-11-20,Beauty,Actual,626.0,,,0
2025-11-21,Beauty,Actual,671.0,,,0
2025-11-22,Beauty,Actual,855.0,,,0
2025-11-23,Beauty,Actual,1219.0,,,0
2025-11-24,Beauty,Actual,508.0,,,0
2025-11-25,Beauty,Actual,496.0,,,0
2025-11-26,Beauty,Actual,563.0,,,0
2025-11-27,Beauty,Actual,622.0,,,0
2025-11-28,Beauty,Actual,2125.0,,,0
2025-11-29,Beauty,Actual,838.0,,,0
2025-11-30,Beauty,Actual,763.0,,,0
2025-12-01,Beauty,Actual,874.0,,,0
2025-12-02,Beauty,Actual,530.0,,,0
2025-12-03,Beauty,Actual,519.0,,,0
2025-12-04,Beauty,Actual,611.0,,,0
2025-12-05,Beauty,Actual,650.0,,,0
2025-12-06,Beauty,Actual,928.0,,,0
2025-12-07,Beauty,Actual,865.0,,,0
2025-12-08,Beauty,Actual,555.0,,,0
2025-12-09,Beauty,Actual,491.0,,,0
2025-12-10,Beauty,Actual,601.0,,,0
2025-12-11,Beauty,Actual,607.0,,,0
2025-12-12,Beauty,Actual,719.0,,,0
2025-12-13,Beauty,Actual,745.0,,,0
2025-12-14,Beauty,Actual,779.0,,,0
2025-12-15,Beauty,Actual,643.0,,,0
2025-12-16,Beauty,Actual,535.0,,,0
2025-12-17,Beauty,Actual,564.0,,,0
2025-12-18,Beauty,Actual,631.0,,,0
2025-12-19,Beauty,Actual,828.0,,,0
2025-12-20,Beauty,Actual,867.0,,,0
2025-12-21,Beauty,Actual,754.0,,,0
2025-12-22,Beauty,Actual,659.0,,,0
2025-12-23,Beauty,Actual,1278.0,,,0
2025-12-24,Beauty,Actual,836.0,,,0
2025-12-25,Beauty,Actual,557.0,,,0
2025-12-26,Beauty,Actual,693.0,,,0
2025-12-27,Beauty,Actual,872.0,,,0
2025-12-28,Beauty,Actual,817.0,,,0
2025-12-29,Beauty,Actual,492.0,,,0
2025-12-30,Beauty,Actual,553.0,,,0
2025-12-31,Beauty,Actual,569.0,,,0
2025-10-03,Beauty,Backtest,584.7448565993113,473.33350819256935,699.5956367856581,2
2025-10-04,Beauty,Backtest,692.6061436813507,585.905068189084,796.4949324995283,2
2025-10-05,Beauty,Backtest,672.9073093005347,568.0384903516385,783.8936212497885,2
2025-10-06,Beauty,Backtest,493.89303561498014,380.6350612690939,611.6377406805328,2
2025-10-07,Beauty,Backtest,476.382843033839,357.05049609208106,584.215785326287,2
2025-10-08,Beauty,Backtest,489.1661078793628,383.1074035041892,595.5370540826302,2
2025-10-09,Beauty,Backtest,509.6675949542261,407.0869921015803,624.6201452044425,2
2025-10-10,Beauty,Backtest,603.5786842045633,494.46763751993103,714.3992587059297,2
2025-10-11,Beauty,Backtest,716.1294716005318,604.497004019871,822.4110827264617,2
2025-10-12,Beauty,Backtest,692.1712713143988,583.3626971898584,798.2955811046106,2
2025-10-13,Beauty,Backtest,464.0720642508898,349.2759420663758,575.8564019677062,2
2025-10-14,Beauty,Backtest,484.63847046083833,369.5183792351278,593.6746931659758,2
2025-10-15,Beauty,Backtest,502.6620960997869,391.6950721850508,612.8876528839805,2
2025-10-16,Beauty,Backtest,531.9794539440298,419.7986560786269,643.0494127957676,2
2025-10-17,Beauty,Backtest,630.086733996646,528.4016743447785,736.2151098087612,2
2025-10-18,Beauty,Backtest,737.5726670058556,626.5994408986976,844.6350747228498,2
2025-10-19,Beauty,Backtest,702.035708577103,597.6324479639007,806.0704681859419,2
2025-10-20,Beauty,Backtest,504.3992099826035,397.3601946388656,609.3911401414426,2
2025-10-21,Beauty,Backtest,480.3947960806896,374.8423419485747,600.4081899554006,2
2025-10-22,Beauty,Backtest,501.1861722910335,393.4142100374512,612.972059757092,2
2025-10-23,Beauty,Backtest,534.880907587723,426.3522622958236,647.2472491090386,2
2025-10-24,Beauty,Backtest,635.458886397169,527.7084927571767,751.1967156502875,2
2025-10-25,Beauty,Backtest,743.6533904219982,631.6803792613196,854.4146359967283,2
2025-10-26,Beauty,Backtest,708.991714202544,595.773903392257,816.4343761166689,2
2025-10-27,Beauty,Backtest,512.5113611164845,396.6040958532343,630.2777453017004,2
2025-10-28,Beauty,Backtest,487.4488661416463,377.8929601804268,593.0940256578822,2
2025-10-29,Beauty,Backtest,501.7524823994424,388.0126880242384,611.712486632014,2
2025-10-30,Beauty,Backtest,525.2008328972162,419.59305860868864,644.1182252255896,2
2025-10-31,Beauty,Backtest,618.7835004573705,506.53015030170616,725.5164281560235,2
2025-11-01,Beauty,Backtest,730.0605383053866,614.2075761009562,836.0836969586113,2
2025-11-02,Beauty,Backtest,708.7449968975988,596.4760157302753,823.371568929491,2
2025-11-03,Beauty,Backtest,528.3025169826535,421.4099957964205,631.873656746616,2
2025-11-04,Beauty,Backtest,512.6626947037823,409.1717087106684,619.9330168576014,2
2025-11-05,Beauty,Backtest,525.474495178319,421.1004369024169,629.568942551834,2
2025-11-06,Beauty,Backtest,541.7921020945598,430.6918103073314,647.7353608107795,2
2025-11-07,Beauty,Backtest,632.8375720237586,513.3944996657463,740.61409279189,2
2025-11-08,Beauty,Backtest,752.1914257706133,642.8509128538124,864.2510854967275,2
2025-11-09,Beauty,Backtest,746.2385488365492,636.5641691910022,850.0769185504826,2
2025-11-10,Beauty,Backtest,579.2073358057816,456.88788229227737,687.3470207628166,2
2025-11-11,Beauty,Backtest,542.8747885948458,428.794226755889,655.5784565672674,2
2025-11-12,Beauty,Backtest,579.1356795662308,465.4968116173421,692.9268835777058,2
2025-11-13,Beauty,Backtest,593.4035399903757,485.71937698800417,704.8344428607822,2
2025-11-14,Beauty,Backtest,689.3998130266742,583.8740029208736,800.7952693480513,2
2025-11-15,Beauty,Backtest,819.8308675988511,709.3179672281308,936.2837044456444,2
2025-11-16,Beauty,Backtest,823.308949666924,709.0335958829426,928.420380736458,2
2025-11-17,Beauty,Backtest,656.5967249280937,542.4680964956133,765.2406014699886,2
2025-11-18,Beauty,Backtest,636.971039081818,518.1307363022025,746.5423489845957,2
2025-11-19,Beauty,Backtest,634.8500452533757,521.8305370616074,744.7280421557639,2
2025-11-20,Beauty,Backtest,640.2590608346917,537.3246266198979,744.9319481195513,2
2025-11-21,Beauty,Backtest,733.9210598019192,617.4467102315193,842.4439527854676,2
2025-11-22,Beauty,Backtest,865.3137895686909,751.084499412699,974.5748669772182,2
2025-11-23,Beauty,Backtest,868.0205708994574,759.1370485099384,984.4261813043876,2
2025-11-24,Beauty,Backtest,697.0354484419324,584.4206289597136,815.6300300728927,2
2025-11-25,Beauty,Backtest,672.0299221910291,561.1193075666924,778.6793572879737,2
2025-11-26,Beauty,Backtest,664.9008003912555,553.6711520945281,773.0935786208136,2
2025-11-27,Beauty,Backtest,576.1069274783139,468.7048898157618,685.1126284368212,2
2025-11-28,Beauty,Backtest,746.9330138498291,635.8515149041466,858.2737290074522,2
2025-11-29,Beauty,Backtest,861.8403860036141,756.9664301042577,978.7520040685685,2
2025-11-30,Beauty,Backtest,846.9267715700057,737.9143135975545,966.206697267749,2
2025-12-01,Beauty,Backtest,665.1076525439764,547.2317112428711,782.5397827944685,2
2025-12-02,Beauty,Backtest,641.1358365247198,529.1097893117309,750.240680608587,2
2025-12-03,Beauty,Backtest,642.9501951071658,535.5569672610761,758.817516103676,2
2025-12-04,Beauty,Backtest,649.267150898288,541.0045988541478,758.1072370051583,2
2025-12-05,Beauty,Backtest,729.6842605469982,619.4201749669155,843.0107254154742,2
2025-12-06,Beauty,Backtest,833.3889522165395,732.0568236160678,945.7892511095292,2
2025-12-07,Beauty,Backtest,807.0767498155778,697.528304100904,921.2314109440464,2
2025-12-08,Beauty,Backtest,622.9151016477276,511.31701260233234,735.724534260121,2
2025-12-09,Beauty,Backtest,608.0112569094368,505.062677299128,723.2679414429389,2
2025-12-10,Beauty,Backtest,623.061759647377,513.0149534438029,738.0864680586227,2
2025-12-11,Beauty,Backtest,637.519457813632,527.4950284679828,750.3521936511256,2
2025-12-12,Beauty,Backtest,717.8772682671389,604.7295562409278,828.9992768988219,2
2025-12-13,Beauty,Backtest,818.4155618446305,702.7134675579101,921.1999515457496,2
2025-12-14,Beauty,Backtest,793.7842132148365,678.7830029621982,903.895529813112,2
2025-12-15,Beauty,Backtest,619.4006699856603,497.8325082854885,731.0350359947594,2
2025-12-16,Beauty,Backtest,618.1441831341468,514.9282797541439,737.6521441568475,2
2025-12-17,Beauty,Backtest,641.8531482461045,527.6175044318172,747.7114328292072,2
2025-12-18,Beauty,Backtest,655.1619817622166,547.3886831985972,762.034330773569,2
2025-12-19,Beauty,Backtest,727.6254255289477,617.5846807797153,845.0115511417919,2
2025-12-20,Beauty,Backtest,820.9856111245084,708.7049448944356,924.5671886604936,2
2025-12-21,Beauty,Backtest,795.0653525235647,686.0782334260526,910.9796409844864,2
2025-12-22,Beauty,Backtest,624.5897972128073,515.1783275429431,730.8502335224516,2
2025-12-23,Beauty,Backtest,628.2451992051265,513.5184013254759,736.9182423365954,2
2025-12-24,Beauty,Backtest,653.8655517429671,538.788118833428,762.3448018118731,2
2025-12-25,Beauty,Backtest,569.1240289955995,456.6722855613334,677.4152004599129,2
2025-12-26,Beauty,Backtest,737.3215415651218,632.6216230344617,840.6650536921987,2
2025-12-27,Beauty,Backtest,828.9269053727968,719.0595310274086,943.4754451695474,2
2025-12-28,Beauty,Backtest,797.518098471012,682.0784559698645,905.4521456932798,2
2025-12-29,Beauty,Backtest,614.8228426512128,507.08520428568215,723.8966134879344,2
2025-12-30,Beauty,Backtest,601.9608315399099,498.36138859730585,707.5248619217219,2
2025-12-31,Beauty,Backtest,613.62932670481,504.4403754447005,727.7697649194575,2
2026-01-01,Beauty,Forecast,937.182728843027,811.7031543966889,1066.536041846647,1
2026-01-02,Beauty,Forecast,723.8129872997395,603.63846524965,840.8201072841301,1
2026-01-03,Beauty,Forecast,819.249526929881,701.1386256385969,944.2503943632216,1
2026-01-04,Beauty,Forecast,795.6208464566845,668.0614673915258,928.233508418157,1
2026-01-05,Beauty,Forecast,593.8664414646107,459.4656615973022,715.3157543367104,1
2026-01-06,Beauty,Forecast,569.323816168489,449.8727792531023,689.1265225706368,1
2026-01-07,Beauty,Forecast,564.4628363930608,448.9290907156781,693.9310845610418,1
2026-01-08,Beauty,Forecast,579.1583896391533,456.269582518732,703.9725914883489,1
2026-01-09,Beauty,Forecast,679.3926576532965,553.6637046428159,799.0943212167119,1
2026-01-10,Beauty,Forecast,780.9820343179878,658.4338938232271,900.5069608297046,1
2026-01-11,Beauty,Forecast,751.5976928706798,622.3059396893589,877.4964479467952,1
2026-01-12,Beauty,Forecast,539.0050083580428,409.3495107523711,661.8099120184145,1
2026-01-13,Beauty,Forecast,510.7781935062803,385.7990496621233,634.922243068419,1
2026-01-14,Beauty,Forecast,514.3356187598531,387.9895786882938,639.4306954266115,1
2026-01-15,Beauty,Forecast,544.0854692445807,429.55893604802384,663.6149752062856,1
2026-01-16,Beauty,Forecast,655.3346226562547,530.3484934512987,775.917111406659,1
2026-01-17,Beauty,Forecast,757.6456378897001,640.0590823017778,874.8757316087053,1
2026-01-18,Beauty,Forecast,722.3475876613645,601.7872439422955,840.5966746151207,1
2026-01-19,Beauty,Forecast,530.5336128169267,411.65206089886607,665.7010524047851,1
2026-01-20,Beauty,Forecast,485.6273133609717,364.2466806496998,611.5287209728593,1
2026-01-21,Beauty,Forecast,503.1694550849605,380.9262611400923,629.7244554060577,1
2026-01-22,Beauty,Forecast,545.5953904802453,424.231703390912,675.9443423858454,1
2026-01-23,Beauty,Forecast,662.7697810570785,536.6576211124568,787.5169350784042,1
2026-01-24,Beauty,Forecast,765.8528903131281,638.338746346793,886.8674209251938,1
2026-01-25,Beauty,Forecast,731.8052409921609,601.2961922108833,864.4359514779044,1
2026-01-26,Beauty,Forecast,520.4995259241382,397.1084182016907,639.4681910973504,1
2026-01-27,Beauty,Forecast,503.0465968383705,374.94690373935,626.8894857358447,1
2026-01-28,Beauty,Forecast,516.4766094630543,397.5341736495349,650.4135656674722,1
2026-01-29,Beauty,Forecast,545.3085950971691,418.8806969598538,665.5194196552679,1
2026-01-30,Beauty,Forecast,646.7037367222132,516.2218850774686,766.0689440240016,1
2026-01-31,Beauty,Forecast,742.2706182359299,615.8015649860173,871.3489425285693,1
2026-02-01,Beauty,Forecast,713.2747891354105,592.8898686900943,829.8842692649088,1
2026-02-02,Beauty,Forecast,513.393310399286,396.834224927684,634.2089594967371,1
2026-02-03,Beauty,Forecast,502.9296735067604,385.3760077178546,620.167633953369,1
2026-02-04,Beauty,Forecast,511.8760126710048,386.7468001856364,631.2184511509969,1
2026-02-05,Beauty,Forecast,529.1621695640807,394.6364790587748,650.5407183019008,1
2026-02-06,Beauty,Forecast,623.486636787437,500.335705357952,749.6950686441431,1
2026-02-07,Beauty,Forecast,723.9289667820445,600.4043801965796,840.8717824486145,1
2026-02-08,Beauty,Forecast,708.0777743508567,570.3154294148942,829.8756935082696,1
2026-02-09,Beauty,Forecast,518.0433192201288,389.5570007689849,644.9387134190764,1
2026-02-10,Beauty,Forecast,505.9569560814721,377.9702482644224,634.1168972300907,1
2026-02-11,Beauty,Forecast,503.1326669293249,381.8362580397769,628.6348133914645,1
2026-02-12,Beauty,Forecast,509.14475774147513,390.2943585135616,634.6067255758724,1
2026-02-13,Beauty,Forecast,602.540694558687,478.0749739540489,733.6988955985063,1
2026-02-14,Beauty,Forecast,712.1811246186903,583.4758987365935,830.5652733492032,1
2026-02-15,Beauty,Forecast,706.0493840732254,577.5094109677093,828.4080035628141,1
2026-02-16,Beauty,Forecast,571.8231456967819,437.9668634922684,695.2306537715565,1
2026-02-17,Beauty,Forecast,495.5266325701188,368.2374639651058,619.2800379357119,1
2026-02-18,Beauty,Forecast,482.0669569641893,366.1338298743121,599.9571857461153,1
2026-02-19,Beauty,Forecast,484.9989183984057,353.8173095012597,607.220456659956,1
2026-02-20,Beauty,Forecast,585.0566429836185,456.5759237794556,708.1150281532547,1
2026-02-21,Beauty,Forecast,704.6118931218673,581.9827941618954,835.6759152173274,1
2026-02-22,Beauty,Forecast,703.4741353226106,576.6558851256991,837.0626018820819,1
2026-02-23,Beauty,Forecast,511.95888126911,387.0433277493835,632.0784421595844,1
2026-02-24,Beauty,Forecast,487.6020402626297,362.3270788727144,609.4681038643001,1
2026-02-25,Beauty,Forecast,474.3023836524773,353.3396040675038,597.0725427440134,1
2026-02-26,Beauty,Forecast,480.0562936845726,354.94810981027325,605.5102208858957,1
2026-02-27,Beauty,Forecast,579.1257921551411,461.0204955678914,710.7908858248178,1
2026-02-28,Beauty,Forecast,688.4675784177102,565.7114003260618,822.8302544320022,1
2026-03-01,Beauty,Forecast,670.5072619806904,537.74679221306,802.7752250905174,1
2026-03-02,Beauty,Forecast,465.5241520815334,339.3521599208546,588.403014887663,1
2026-03-03,Beauty,Forecast,440.6108060673915,319.64804104290164,571.1063488110759,1
2026-03-04,Beauty,Forecast,438.4695213340276,316.55228710689306,561.0640086622819,1
2026-03-05,Beauty,Forecast,456.88712434196987,332.69969292201165,584.5195047147673,1
2026-03-06,Beauty,Forecast,559.6835698944559,445.56256189904826,686.275188719391,1
2026-03-07,Beauty,Forecast,662.2642012427614,538.8959932638343,790.8384462752857,1
2026-03-08,Beauty,Forecast,635.8030296909202,510.10536187713217,762.8481662079982,1
2026-03-09,Beauty,Forecast,431.36285023235774,315.3978667897801,561.181448151071,1
2026-03-10,Beauty,Forecast,419.2396799706129,295.30911062796224,548.7883817050273,1
2026-03-11,Beauty,Forecast,433.1460944349184,309.2145634303035,560.2196967112924,1
2026-03-12,Beauty,Forecast,459.01508163987927,331.5776123861953,584.168505171807,1
2026-03-13,Beauty,Forecast,556.5623881293191,426.2355198095429,672.3342017426654,1
2026-03-14,Beauty,Forecast,648.0886615113556,518.5196696730258,772.1024646140432,1
2026-03-15,Beauty,Forecast,616.1474323247875,479.2064611857848,741.8909032123042,1
2026-03-16,Beauty,Forecast,417.147760115017,300.9360332359894,551.8067189542402,1
2026-03-17,Beauty,Forecast,416.7073625423977,288.0470504796708,535.9539875011757,1
2026-03-18,Beauty,Forecast,437.22094121635183,315.8422292788045,557.5849917584202,1
2026-03-19,Beauty,Forecast,458.5238971194897,334.58627674703365,590.7328072735219,1
2026-03-20,Beauty,Forecast,544.637239703104,418.19022551340265,661.3145846203404,1
2026-03-21,Beauty,Forecast,627.7522111626514,505.0024140525463,758.2994492147022,1
2026-03-22,Beauty,Forecast,596.62791523419,473.3571047055026,716.3188180954888,1
2026-03-23,Beauty,Forecast,404.986803621431,275.7668136030059,527.3936582481775,1
2026-03-24,Beauty,Forecast,411.0307541511319,281.42298061192173,533.2074721820749,1
2026-03-25,Beauty,Forecast,431.2454545589183,304.5729764323396,553.2335898665551,1
2026-03-26,Beauty,Forecast,447.4176430140095,329.4969138022856,563.8106326774472,1
2026-03-27,Beauty,Forecast,529.8968372143363,406.1538821028527,658.8984075473637,1
2026-03-28,Beauty,Forecast,613.5040753704164,483.4821385464632,735.2530045636411,1
2026-03-29,Beauty,Forecast,582.440376686322,461.0984020375154,705.2771581674806,1
2026-03-30,Beauty,Forecast,383.2906538793718,266.60904794917826,502.0531929328829,1
2026-03-31,Beauty,Forecast,373.47663564187513,250.5033569703598,502.0079994978125,1
2025-07-05,Books,Actual,410.0,,,0
2025-07-06,Books,Actual,358.0,,,0
2025-07-07,Books,Actual,332.0,,,0
2025-07-08,Books,Actual,354.0,,,0
2025-07-09,Books,Actual,374.0,,,0
2025-07-10,Books,Actual,333.0,,,0
2025-07-11,Books,Actual,425.0,,,0
2025-07-12,Books,Actual,462.0,,,0
2025-07-13,Books,Actual,468.0,,,0
2025-07-14,Books,Actual,346.0,,,0
2025-07-15,Books,Actual,388.0,,,0
2025-07-16,Books,Actual,362.0,,,0
2025-07-17,Books,Actual,375.0,,,0
2025-07-18,Books,Actual,409.0,,,0
2025-07-19,Books,Actual,376.0,,,0
2025-07-20,Books,Actual,430.0,,,0
2025-07-21,Books,Actual,385.0,,,0
2025-07-22,Books,Actual,339.0,,,0
2025-07-23,Books,Actual,329.0,,,0
2025-07-24,Books,Actual,389.0,,,0
2025-07-25,Books,Actual,386.0,,,0
2025-07-26,Books,Actual,417.0,,,0
2025-07-27,Books,Actual,506.0,,,0
2025-07-28,Books,Actual,367.0,,,0
2025-07-29,Books,Actual,316.0,,,0
2025-07-30,Books,Actual,389.0,,,0
2025-07-31,Books,Actual,359.0,,,0
2025-08-01,Books,Actual,379.0,,,0
2025-08-02,Books,Actual,515.0,,,0
2025-08-03,Books,Actual,452.0,,,0
2025-08-04,Books,Actual,386.0,,,0
2025-08-05,Books,Actual,349.0,,,0
2025-08-06,Books,Actual,354.0,,,0
2025-08-07,Books,Actual,401.0,,,0
2025-08-08,Books,Actual,541.0,,,0
2025-08-09,Books,Actual,579.0,,,0
2025-08-10,Books,Actual,509.0,,,0
2025-08-11,Books,Actual,466.0,,,0
2025-08-12,Books,Actual,486.0,,,0
2025-08-13,Books,Actual,461.0,,,0
2025-08-14,Books,Actual,494.0,,,0
2025-08-15,Books,Actual,593.0,,,0
2025-08-16,Books,Actual,586.0,,,0
2025-08-17,Books,Actual,820.0,,,0
2025-08-18,Books,Actual,489.0,,,0
2025-08-19,Books,Actual,496.0,,,0
2025-08-20,Books,Actual,517.0,,,0
2025-08-21,Books,Actual,444.0,,,0
2025-08-22,Books,Actual,538.0,,,0
2025-08-23,Books,Actual,593.0,,,0
2025-08-24,Books,Actual,688.0,,,0
2025-08-25,Books,Actual,497.0,,,0
2025-08-26,Books,Actual,517.0,,,0
2025-08-27,Books,Actual,589.0,,,0
2025-08-28,Books,Actual,560.0,,,0
2025-08-29,Books,Actual,509.0,,,0
2025-08-30,Books,Actual,849.0,,,0
2025-08-31,Books,Actual,564.0,,,0
2025-09-01,Books,Actual,465.0,,,0
2025-09-02,Books,Actual,388.0,,,0
2025-09-03,Books,Actual,344.0,,,0
2025-09-04,Books,Actual,351.0,,,0
2025-09-05,Books,Actual,460.0,,,0
2025-09-06,Books,Actual,467.0,,,0
2025-09-07,Books,Actual,644.0,,,0
2025-09-08,Books,Actual,422.0,,,0
2025-09-09,Books,Actual,368.0,,,0
2025-09-10,Books,Actual,426.0,,,0
2025-09-11,Books,Actual,334.0,,,0
2025-09-12,Books,Actual,419.0,,,0
2025-09-13,Books,Actual,471.0,,,0
2025-09-14,Books,Actual,487.0,,,0
2025-09-15,Books,Actual,380.0,,,0
2025-09-16,Books,Actual,330.0,,,0
2025-09-17,Books,Actual,347.0,,,0
2025-09-18,Books,Actual,378.0,,,0
2025-09-19,Books,Actual,367.0,,,0
2025-09-20,Books,Actual,392.0,,,0
2025-09-21,Books,Actual,418.0,,,0
2025-09-22,Books,Actual,393.0,,,0
2025-09-23,Books,Actual,407.0,,,0
2025-09-24,Books,Actual,389.0,,,0
2025-09-25,Books,Actual,385.0,,,0
2025-09-26,Books,Actual,376.0,,,0
2025-09-27,Books,Actual,429.0,,,0
2025-09-28,Books,Actual,460.0,,,0
2025-09-29,Books,Actual,406.0,,,0
2025-09-30,Books,Actual,432.0,,,0
2025-10-01,Books,Actual,410.0,,,0
2025-10-02,Books,Actual,412.0,,,0
2025-10-03,Books,Actual,435.0,,,0
2025-10-04,Books,Actual,438.0,,,0
2025-10-05,Books,Actual,585.0,,,0
2025-10-06,Books,Actual,370.0,,,0
2025-10-07,Books,Actual,381.0,,,0
2025-10-08,Books,Actual,395.0,,,0
2025-10-09,Books,Actual,357.0,,,0
2025-10-10,Books,Actual,441.0,,,0
2025-10-11,Books,Actual,410.0,,,0
2025-10-12,Books,Actual,449.0,,,0
2025-10-13,Books,Actual,325.0,,,0
2025-10-14,Books,Actual,344.0,,,0
2025-10-15,Books,Actual,367.0,,,0
2025-10-16,Books,Actual,367.0,,,0
2025-10-17,Books,Actual,352.0,,,0
2025-10-18,Books,Actual,410.0,,,0
2025-10-19,Books,Actual,456.0,,,0
2025-10-20,Books,Actual,366.0,,,0
2025-10-21,Books,Actual,331.0,,,0
2025-10-22,Books,Actual,375.0,,,0
2025-10-23,Books,Actual,373.0,,,0
2025-10-24,Books,Actual,379.0,,,0
2025-10-25,Books,Actual,383.0,,,0
2025-10-26,Books,Actual,454.0,,,0
2025-10-27,Books,Actual,386.0,,,0
2025-10-28,Books,Actual,366.0,,,0
2025-10-29,Books,Actual,337.0,,,0
2025-10-30,Books,Actual,431.0,,,0
2025-10-31,Books,Actual,413.0,,,0
2025-11-01,Books,Actual,433.0,,,0
2025-11-02,Books,Actual,407.0,,,0
2025-11-03,Books,Actual,306.0,,,0
2025-11-04,Books,Actual,339.0,,,0
2025-11-05,Books,Actual,303.0,,,0
2025-11-06,Books,Actual,387.0,,,0
2025-11-07,Books,Actual,348.0,,,0
2025-11-08,Books,Actual,480.0,,,0
2025-11-09,Books,Actual,385.0,,,0
2025-11-10,Books,Actual,376.0,,,0
2025-11-11,Books,Actual,415.0,,,0
2025-11-12,Books,Actual,323.0,,,0
2025-11-13,Books,Actual,357.0,,,0
2025-11-14,Books,Actual,349.0,,,0
2025-11-15,Books,Actual,392.0,,,0
2025-11-16,Books,Actual,414.0,,,0
2025-11-17,Books,Actual,300.0,,,0
2025-11-18,Books,Actual,357.0,,,0
2025-11-19,Books,Actual,320.0,,,0
2025-11-20,Books,Actual,366.0,,,0
2025-11-21,Books,Actual,395.0,,,0
2025-11-22,Books,Actual,395.0,,,0
2025-11-23,Books,Actual,397.0,,,0
2025-11-24,Books,Actual,284.0,,,0
2025-11-25,Books,Actual,337.0,,,0
2025-11-26,Books,Actual,337.0,,,0
2025-11-27,Books,Actual,307.0,,,0
2025-11-28,Books,Actual,1183.0,,,0
2025-11-29,Books,Actual,378.0,,,0
2025-11-30,Books,Actual,352.0,,,0
2025-12-01,Books,Actual,598.0,,,0
2025-12-02,Books,Actual,312.0,,,0
2025-12-03,Books,Actual,297.0,,,0
2025-12-04,Books,Actual,356.0,,,0
2025-12-05,Books,Actual,370.0,,,0
2025-12-06,Books,Actual,437.0,,,0
2025-12-07,Books,Actual,444.0,,,0
2025-12-08,Books,Actual,333.0,,,0
2025-12-09,Books,Actual,314.0,,,0
2025-12-10,Books,Actual,297.0,,,0
2025-12-11,Books,Actual,332.0,,,0
2025-12-12,Books,Actual,388.0,,,0
2025-12-13,Books,Actual,398.0,,,0
2025-12-14,Books,Actual,399.0,,,0
2025-12-15,Books,Actual,374.0,,,0
2025-12-16,Books,Actual,286.0,,,0
2025-12-17,Books,Actual,324.0,,,0
2025-12-18,Books,Actual,263.0,,,0
2025-12-19,Books,Actual,336.0,,,0
2025-12-20,Books,Actual,331.0,,,0
2025-12-21,Books,Actual,387.0,,,0
2025-12-22,Books,Actual,292.0,,,0
2025-12-23,Books,Actual,595.0,,,0
2025-12-24,Books,Actual,510.0,,,0
2025-12-25,Books,Actual,262.0,,,0
2025-12-26,Books,Actual,346.0,,,0
2025-12-27,Books,Actual,362.0,,,0
2025-12-28,Books,Actual,379.0,,,0
2025-12-29,Books,Actual,282.0,,,0
2025-12-30,Books,Actual,264.0,,,0
2025-12-31,Books,Actual,294.0,,,0
2025-10-03,Books,Backtest,416.1736054985202,347.2492332584382,487.22577423027,2
2025-10-04,Books,Backtest,433.6518958308465,367.6415230024261,497.9224540322769,2
2025-10-05,Books,Backtest,451.30342496862966,386.4265734003016,519.9648493902849,2
2025-10-06,Books,Backtest,386.5652567478769,316.49847365434124,459.4077453928282,2
2025-10-07,Books,Backtest,376.1317924315234,302.3071128228651,442.8423920301744,2
2025-10-08,Books,Backtest,380.41518896272174,314.8022175357203,446.2213280723358,2
2025-10-09,Books,Backtest,381.5065853166156,318.0453333280352,452.6214923890965,2
2025-10-10,Books,Backtest,421.96250115078993,354.46120523485735,490.5213924847871,2
2025-10-11,Books,Backtest,443.7705029532147,374.7096901027479,509.5218227725384,2
2025-10-12,Books,Backtest,459.0704914148753,391.75631944656845,524.7240494796989,2
2025-10-13,Books,Backtest,381.8303624572719,310.8120077715605,450.98579475058176,2
2025-10-14,Books,Backtest,370.1982985158813,298.9787297652514,437.65304720897296,2
2025-10-15,Books,Backtest,371.3784915111394,302.7289995872941,439.5692765147281,2
2025-10-16,Books,Backtest,371.9672996060092,302.5667657732374,440.6804719898424,2
2025-10-17,Books,Backtest,410.4578565176252,347.5666991215345,476.1139300174671,2
2025-10-18,Books,Backtest,425.88985278449286,357.2365238886936,492.1224657223991,2
2025-10-19,Books,Backtest,432.0217209491531,367.4328859652011,496.3386921861445,2
2025-10-20,Books,Backtest,353.7822139431802,287.5649772396715,418.73542712144535,2
2025-10-21,Books,Backtest,338.0191217952777,272.7198317357506,412.2654029760328,2
2025-10-22,Books,Backtest,349.1581454477054,282.4852710086374,418.3142254079789,2
2025-10-23,Books,Backtest,363.9371139193231,296.8072398227897,433.4524593696852,2
2025-10-24,Books,Backtest,414.7097570827361,348.04368160310906,486.3156631532897,2
2025-10-25,Books,Backtest,436.5746562574797,367.3028126576186,505.0971337925638,2
2025-10-26,Books,Backtest,443.2159731968402,373.1740371814317,509.6851267448129,2
2025-10-27,Books,Backtest,361.6469762763628,289.9266924847557,434.4859912053923,2
2025-10-28,Books,Backtest,340.47791043334587,272.7023789540304,405.8478241488683,2
2025-10-29,Books,Backtest,344.43255539579513,274.0655786566938,412.4598618631308,2
2025-10-30,Books,Backtest,350.4621030436413,285.12740405596645,424.0222818804702,2
2025-10-31,Books,Backtest,392.65308424573846,323.2078095769591,458.682594316692,2
2025-11-01,Books,Backtest,409.00043081752295,337.32801453660943,474.6467857922881,2
2025-11-02,Books,Backtest,415.17495377994845,345.73902322915217,486.10655794249,2
2025-11-03,Books,Backtest,337.35276030372376,271.2214903205096,401.44559163431626,2
2025-11-04,Books,Backtest,321.2514715303378,257.2270131238112,387.6140074853907,2
2025-11-05,Books,Backtest,329.21466421989675,264.64389519417193,393.613260330935,2
2025-11-06,Books,Backtest,338.7201338836419,269.988166963683,404.23554373596767,2
2025-11-07,Books,Backtest,386.7270844325764,312.83423261154627,453.4144000264975,2
2025-11-08,Books,Backtest,413.2232952324046,345.5897972154525,482.5509414902298,2
2025-11-09,Books,Backtest,432.3113406053959,364.46283751168846,496.5581375645193,2
2025-11-10,Books,Backtest,365.408319833005,289.7341113274378,432.31040447098286,2
2025-11-11,Books,Backtest,363.5338991312557,292.95872295282646,433.29887383041967,2
2025-11-12,Books,Backtest,360.12517226054337,289.8227502231062,430.5218366497107,2
2025-11-13,Books,Backtest,365.1063692571111,298.51021683157575,434.04200087725695,2
2025-11-14,Books,Backtest,410.5315498020749,345.2468992798263,479.4452184170376,2
2025-11-15,Books,Backtest,437.6194944920354,369.2449171342188,509.6611228529406,2
2025-11-16,Books,Backtest,457.4874605348068,386.7912780120077,522.5144035287566,2
2025-11-17,Books,Backtest,387.4053622225182,316.799950998052,454.6207004927602,2
2025-11-18,Books,Backtest,368.0636582196333,294.5554917169688,435.8492957237705,2
2025-11-19,Books,Backtest,365.37747320907295,295.4546446656985,433.3514839902022,2
2025-11-20,Books,Backtest,366.65556381727737,302.9777287949469,431.411202716171,2
2025-11-21,Books,Backtest,416.8024296478928,344.7503734033682,483.9849613866167,2
2025-11-22,Books,Backtest,455.0049329245916,384.4162335798197,522.5950804642044,2
2025-11-23,Books,Backtest,486.60748063650095,419.24063416944256,558.6954269841978,2
2025-11-24,Books,Backtest,423.4184825569741,353.76200144074204,496.7701794807872,2
2025-11-25,Books,Backtest,404.26652435519486,335.6517852954289,470.2506199894555,2
2025-11-26,Books,Backtest,396.4597863033472,327.6479192682726,463.3569533723568,2
2025-11-27,Books,Backtest,369.5484446144329,303.1023269707762,436.9845686412791,2
2025-11-28,Books,Backtest,429.42730122863975,360.7090320609813,498.3360450448165,2
2025-11-29,Books,Backtest,455.3857300174595,390.42377654693365,527.779613254191,2
2025-11-30,Books,Backtest,473.6713818277358,406.1985359718451,547.4386770210057,2
2025-12-01,Books,Backtest,398.6215101850714,325.6978325474369,471.264060711078,2
2025-12-02,Books,Backtest,371.967210198908,302.6628903585995,439.4746464717325,2
2025-12-03,Books,Backtest,361.7541805557965,295.36458695269687,433.4502916520388,2
2025-12-04,Books,Backtest,355.42628619875626,288.34242541002567,422.6867358519905,2
2025-12-05,Books,Backtest,395.9398742859336,327.722716827266,466.0319349478939,2
2025-12-06,Books,Backtest,421.50428585691947,358.7746026187436,491.042831651873,2
2025-12-07,Books,Backtest,440.4147678204288,372.6197180052007,511.02761589468105,2
2025-12-08,Books,Backtest,369.9103626787378,300.88388580352074,439.69706186533983,2
2025-12-09,Books,Backtest,352.24100520372025,288.6047518603882,423.5114108886324,2
2025-12-10,Books,Backtest,352.0151484324897,283.8483507516301,423.1784922126925,2
2025-12-11,Books,Backtest,351.6382620150845,283.6597776123889,421.4207972993781,2
2025-12-12,Books,Backtest,391.5104725278074,321.51743241698193,460.26230153866345,2
2025-12-13,Books,Backtest,411.85850285243646,340.3712602617839,475.4076133690321,2
2025-12-14,Books,Backtest,425.8130808657692,354.6819600192296,493.9360229670569,2
2025-12-15,Books,Backtest,353.8919476462244,278.7045516674545,422.9424875393076,2
2025-12-16,Books,Backtest,337.3762767030419,273.54384242651025,411.3605157345941,2
2025-12-17,Books,Backtest,336.7204137604604,266.04611702582787,401.9031297244822,2
2025-12-18,Books,Backtest,331.3578399572195,264.6774816476369,397.4746515764474,2
2025-12-19,Books,Backtest,363.2997270602304,295.33846458179335,435.9132681985793,2
2025-12-20,Books,Backtest,378.2315914303352,308.7195570881071,442.1667401835833,2
2025-12-21,Books,Backtest,394.4544207605037,327.03097455231887,466.1717036624314,2
2025-12-22,Books,Backtest,333.13796983391245,265.4962178482729,398.8826093841498,2
2025-12-23,Books,Backtest,331.2620188604103,260.2811939410628,398.4644838420653,2
2025-12-24,Books,Backtest,343.0659396864803,271.79171210490256,410.2281371770285,2
2025-12-25,Books,Backtest,301.8235956035621,232.2424682303731,368.75894593951847,2
2025-12-26,Books,Backtest,376.1271332045215,311.3537323537204,440.06035724593374,2
2025-12-27,Books,Backtest,387.1222553635122,319.34465272002194,457.990015315346,2
2025-12-28,Books,Backtest,397.0357332352824,325.6321649039901,463.7124684447727,2
2025-12-29,Books,Backtest,327.3241831818558,260.6725431365065,394.8620895702883,2
2025-12-30,Books,Backtest,315.2731498123104,251.0749969736076,380.58871921263136,2
2025-12-31,Books,Backtest,316.840069516496,249.35734082843643,387.5185657530598,2
2026-01-01,Books,Forecast,454.1807544664279,376.1913530528847,534.5778031217476,1
2026-01-02,Books,Forecast,339.97981363927136,265.2876648875774,412.7033249276185,1
2026-01-03,Books,Forecast,349.06758890522883,275.6580437042237,426.7594592380295,1
2026-01-04,Books,Forecast,364.55163350071433,285.2695697714544,446.974467430987,1
2026-01-05,Books,Forecast,298.014816805204,214.4806127914073,373.49928712456926,1
2026-01-06,Books,Forecast,287.54945605737083,213.30697549140385,362.0105099878789,1
2026-01-07,Books,Forecast,291.0613825707783,219.2536185725272,371.5294209929213,1
2026-01-08,Books,Forecast,293.0912088324459,216.71204871786736,370.6670607834804,1
2026-01-09,Books,Forecast,337.12816497902094,258.98437810661807,411.5271897228234,1
2026-01-10,Books,Forecast,353.43601101152507,277.26858564608057,427.7244162262957,1
2026-01-11,Books,Forecast,369.06363420041856,288.7048468614401,447.3144850166693,1
2026-01-12,Books,Forecast,297.1583046296488,216.57183924528368,373.4847955571443,1
2026-01-13,Books,Forecast,280.6561190187417,202.97775056243736,357.8154507834902,1
2026-01-14,Books,Forecast,281.31900878753225,202.79082034259832,359.06943304637474,1
2026-01-15,Books,Forecast,283.4751462337084,212.3124570263639,357.7663977170048,1
2026-01-16,Books,Forecast,326.93542555457776,249.25271548243845,401.8790437092381,1
2026-01-17,Books,Forecast,338.5814157677484,265.49776749235355,411.35744316949217,1
2026-01-18,Books,Forecast,346.1032213560169,271.1770017669875,419.599171357567,1
2026-01-19,Books,Forecast,257.6644527634871,183.77690939007744,341.67570798262415,1
2026-01-20,Books,Forecast,250.44000282404676,174.99821932965335,328.69158647898473,1
2026-01-21,Books,Forecast,258.8958277768904,182.9369397550952,337.5539280236615,1
2026-01-22,Books,Forecast,273.8912596437035,198.45716905155936,354.91487410051104,1
2026-01-23,Books,Forecast,329.8639820088351,251.48140931963428,407.3986309754312,1
2026-01-24,Books,Forecast,349.70090389264004,270.44695516373537,424.9121728413715,1
2026-01-25,Books,Forecast,360.3640652877149,279.2110297454509,442.7829686274561,1
2026-01-26,Books,Forecast,280.9152111941749,204.22574770428076,354.8826671575057,1
2026-01-27,Books,Forecast,260.6555637374526,181.0338244100516,337.6299160488983,1
2026-01-28,Books,Forecast,262.72992113683483,188.8023117663676,345.96483646441766,1
2026-01-29,Books,Forecast,268.11936218043314,189.54054852723303,342.8331651139271,1
2026-01-30,Books,Forecast,312.78551918416457,231.68664715402468,387.0657753646917,1
2026-01-31,Books,Forecast,322.80363908659683,244.2353990128868,403.0642668398121,1
2026-02-01,Books,Forecast,328.0363114543619,253.2073649227244,400.5587214713544,1
2026-02-02,Books,Forecast,247.91144954556165,175.46640543897834,323.00207840745986,1
2026-02-03,Books,Forecast,229.74886147495093,156.6856552177031,302.61725042093644,1
2026-02-04,Books,Forecast,234.4756305266481,156.70393984730475,308.6077172826057,1
2026-02-05,Books,Forecast,243.07579413188893,159.46445181167317,318.5339184569372,1
2026-02-06,Books,Forecast,293.6782399824388,217.14949064341835,372.1239546302979,1
2026-02-07,Books,Forecast,313.96982078223283,237.19778835513085,386.6664459202474,1
2026-02-08,Books,Forecast,332.2967672928912,246.6697817310691,407.99790710321184,1
2026-02-09,Books,Forecast,263.4437795099793,183.5864581469545,342.3843418892817,1
2026-02-10,Books,Forecast,250.32876646859464,170.78007223422705,329.98409793969523,1
2026-02-11,Books,Forecast,253.08978252115264,177.73481229122058,331.0919241391892,1
2026-02-12,Books,Forecast,256.2773686163799,182.4063901361693,334.2546586231014,1
2026-02-13,Books,Forecast,302.89954175073547,225.53224485063865,384.4161850974912,1
2026-02-14,Books,Forecast,322.62684229166325,242.6325996459628,396.20621915106585,1
2026-02-15,Books,Forecast,341.5151904931099,261.6236575129811,417.57078349282153,1
2026-02-16,Books,Forecast,274.5811966720905,191.40513433528585,351.28209536470723,1
2026-02-17,Books,Forecast,250.03548282807787,170.9163066515549,326.9495298744276,1
2026-02-18,Books,Forecast,244.0680357493655,172.0152034809714,317.3404262222868,1
2026-02-19,Books,Forecast,242.41108487910776,160.8826424512358,318.4295578266017,1
2026-02-20,Books,Forecast,291.95767615821387,212.08505597756124,368.43737368167376,1
2026-02-21,Books,Forecast,321.5357988619039,245.30877100031395,403.1048540837948,1
2026-02-22,Books,Forecast,352.51342759547896,273.6956298123048,435.5124411373994,1
2026-02-23,Books,Forecast,290.42671499431816,212.78767014290324,365.08913090822927,1
2026-02-24,Books,Forecast,274.34530821992263,196.4832088550152,350.0408825821996,1
2026-02-25,Books,Forecast,267.9078768179823,192.7226734238431,344.21329354609753,1
2026-02-26,Books,Forecast,262.65367108872067,184.89747976946555,340.6253897150109,1
2026-02-27,Books,Forecast,305.8762928580081,232.37045091335372,387.79152190268616,1
2026-02-28,Books,Forecast,325.928094286975,249.5811261005553,409.39736596258007,1
2026-03-01,Books,Forecast,344.7187011774985,262.2040001654529,426.9153006781305,1
2026-03-02,Books,Forecast,270.29359477843366,191.87427453774492,346.67970311306306,1
2026-03-03,Books,Forecast,245.20729716376303,170.08605334093818,326.3329807918962,1
2026-03-04,Books,Forecast,234.92171880545675,159.01489256228038,311.0283542444598,1
2026-03-05,Books,Forecast,229.984762617958,152.79558978518014,309.29542795750984,1
2026-03-06,Books,Forecast,275.2290259479394,204.24904662259445,353.9133779277104,1
2026-03-07,Books,Forecast,297.69792753427674,220.98637798089564,377.59787523744166,1
2026-03-08,Books,Forecast,320.5984508207716,242.49351739806303,399.5635933235898,1
2026-03-09,Books,Forecast,254.23885858174947,182.23307824051693,334.882846109204,1
2026-03-10,Books,Forecast,241.49918869046988,164.36699671184886,322.0220343893937,1
2026-03-11,Books,Forecast,244.4922814296424,167.57317468396263,323.4527120615761,1
2026-03-12,Books,Forecast,248.67872730033,169.48010546600128,326.47289253603776,1
2026-03-13,Books,Forecast,295.93597274724374,215.0466309186341,367.8431480634107,1
2026-03-14,Books,Forecast,314.82787820427245,234.34149359051025,391.91044434572825,1
2026-03-15,Books,Forecast,333.31270603186954,248.23655978412165,411.44486856313466,1
2026-03-16,Books,Forecast,265.49639205763106,193.2686273897587,349.21114266333205,1
2026-03-17,Books,Forecast,254.0779784106969,174.10849993655194,327.8336081662514,1
2026-03-18,Books,Forecast,257.39682226628224,181.94657058438943,332.2094087858132,1
2026-03-19,Books,Forecast,257.5136639767287,180.6140448490692,339.6774387353403,1
2026-03-20,Books,Forecast,296.9356177587154,218.28126319939895,369.2796030014088,1
2026-03-21,Books,Forecast,308.90429579714765,232.61322431903577,390.0539355096584,1
2026-03-22,Books,Forecast,326.6449576870709,250.1068695068512,401.0364238009983,1
2026-03-23,Books,Forecast,265.8947868012192,185.57846502499632,341.93581271497106,1
2026-03-24,Books,Forecast,266.3214887944573,185.6731738132661,342.31695304486163,1
2026-03-25,Books,Forecast,280.85450586468403,202.12197167879955,356.59328514403745,1
2026-03-26,Books,Forecast,287.60545129593163,214.3129627697956,359.94726176697554,1
2026-03-27,Books,Forecast,328.39986744738667,251.70806521091689,408.588253609805,1
2026-03-28,Books,Forecast,337.7941134776971,256.9994489434156,413.2402651561129,1
2026-03-29,Books,Forecast,350.075188232216,274.6574319084979,426.4957775028546,1
2026-03-30,Books,Forecast,280.7549491117285,208.1133625847064,354.660914715574,1
2026-03-31,Books,Forecast,269.40224838543963,193.04409901232785,349.3764762951506,1
2025-07-05,Electronics,Actual,576.0,,,0
2025-07-06,Electronics,Actual,568.0,,,0
2025-07-07,Electronics,Actual,446.0,,,0
2025-07-08,Electronics,Actual,414.0,,,0
2025-07-09,Electronics,Actual,452.0,,,0
2025-07-10,Electronics,Actual,488.0,,,0
2025-07-11,Electronics,Actual,547.0,,,0
2025-07-12,Electronics,Actual,658.0,,,0
2025-07-13,Electronics,Actual,540.0,,,0
2025-07-14,Electronics,Actual,418.0,,,0
2025-07-15,Electronics,Actual,465.0,,,0
2025-07-16,Electronics,Actual,485.0,,,0
2025-07-17,Electronics,Actual,429.0,,,0
2025-07-18,Electronics,Actual,537.0,,,0
2025-07-19,Electronics,Actual,637.0,,,0
2025-07-20,Electronics,Actual,658.0,,,0
2025-07-21,Electronics,Actual,459.0,,,0
2025-07-22,Electronics,Actual,480.0,,,0
2025-07-23,Electronics,Actual,442.0,,,0
2025-07-24,Electronics,Actual,502.0,,,0
2025-07-25,Electronics,Actual,603.0,,,0
2025-07-26,Electronics,Actual,732.0,,,0
2025-07-27,Electronics,Actual,625.0,,,0
2025-07-28,Electronics,Actual,489.0,,,0
2025-07-29,Electronics,Actual,492.0,,,0
2025-07-30,Electronics,Actual,463.0,,,0
2025-07-31,Electronics,Actual,550.0,,,0
2025-08-01,Electronics,Actual,567.0,,,0
2025-08-02,Electronics,Actual,655.0,,,0
2025-08-03,Electronics,Actual,681.0,,,0
2025-08-04,Electronics,Actual,499.0,,,0
2025-08-05,Electronics,Actual,422.0,,,0
2025-08-06,Electronics,Actual,520.0,,,0
2025-08-07,Electronics,Actual,606.0,,,0
2025-08-08,Electronics,Actual,719.0,,,0
2025-08-09,Electronics,Actual,1042.0,,,0
2025-08-10,Electronics,Actual,966.0,,,0
2025-08-11,Electronics,Actual,688.0,,,0
2025-08-12,Electronics,Actual,747.0,,,0
2025-08-13,Electronics,Actual,676.0,,,0
2025-08-14,Electronics,Actual,724.0,,,0
2025-08-15,Electronics,Actual,857.0,,,0
2025-08-16,Electronics,Actual,978.0,,,0
2025-08-17,Electronics,Actual,1236.0,,,0
2025-08-18,Electronics,Actual,785.0,,,0
2025-08-19,Electronics,Actual,724.0,,,0
2025-08-20,Electronics,Actual,792.0,,,0
2025-08-21,Electronics,Actual,799.0,,,0
2025-08-22,Electronics,Actual,936.0,,,0
2025-08-23,Electronics,Actual,1165.0,,,0
2025-08-24,Electronics,Actual,1196.0,,,0
2025-08-25,Electronics,Actual,873.0,,,0
2025-08-26,Electronics,Actual,747.0,,,0
2025-08-27,Electronics,Actual,753.0,,,0
2025-08-28,Electronics,Actual,750.0,,,0
2025-08-29,Electronics,Actual,881.0,,,0
2025-08-30,Electronics,Actual,1161.0,,,0
2025-08-31,Electronics,Actual,924.0,,,0
2025-09-01,Electronics,Actual,599.0,,,0
2025-09-02,Electronics,Actual,573.0,,,0
2025-09-03,Electronics,Actual,684.0,,,0
2025-09-04,Electronics,Actual,633.0,,,0
2025-09-05,Electronics,Actual,615.0,,,0
2025-09-06,Electronics,Actual,1033.0,,,0
2025-09-07,Electronics,Actual,871.0,,,0
2025-09-08,Electronics,Actual,657.0,,,0
2025-09-09,Electronics,Actual,625.0,,,0
2025-09-10,Electronics,Actual,649.0,,,0
2025-09-11,Electronics,Actual,685.0,,,0
2025-09-12,Electronics,Actual,739.0,,,0
2025-09-13,Electronics,Actual,923.0,,,0
2025-09-14,Electronics,Actual,971.0,,,0
2025-09-15,Electronics,Actual,710.0,,,0
2025-09-16,Electronics,Actual,571.0,,,0
2025-09-17,Electronics,Actual,654.0,,,0
2025-09-18,Electronics,Actual,746.0,,,0
2025-09-19,Electronics,Actual,829.0,,,0
2025-09-20,Electronics,Actual,1064.0,,,0
2025-09-21,Electronics,Actual,876.0,,,0
2025-09-22,Electronics,Actual,709.0,,,0
2025-09-23,Electronics,Actual,668.0,,,0
2025-09-24,Electronics,Actual,1079.0,,,0
2025-09-25,Electronics,Actual,730.0,,,0
2025-09-26,Electronics,Actual,833.0,,,0
2025-09-27,Electronics,Actual,1036.0,,,0
2025-09-28,Electronics,Actual,941.0,,,0
2025-09-29,Electronics,Actual,621.0,,,0
2025-09-30,Electronics,Actual,630.0,,,0
2025-10-01,Electronics,Actual,673.0,,,0
2025-10-02,Electronics,Actual,758.0,,,0
2025-10-03,Electronics,Actual,754.0,,,0
2025-10-04,Electronics,Actual,1244.0,,,0
2025-10-05,Electronics,Actual,1076.0,,,0
2025-10-06,Electronics,Actual,780.0,,,0
2025-10-07,Electronics,Actual,629.0,,,0
2025-10-08,Electronics,Actual,717.0,,,0
2025-10-09,Electronics,Actual,806.0,,,0
2025-10-10,Electronics,Actual,886.0,,,0
2025-10-11,Electronics,Actual,1172.0,,,0
2025-10-12,Electronics,Actual,1135.0,,,0
2025-10-13,Electronics,Actual,799.0,,,0
2025-10-14,Electronics,Actual,661.0,,,0
2025-10-15,Electronics,Actual,767.0,,,0
2025-10-16,Electronics,Actual,787.0,,,0
2025-10-17,Electronics,Actual,828.0,,,0
2025-10-18,Electronics,Actual,1140.0,,,0
2025-10-19,Electronics,Actual,1049.0,,,0
2025-10-20,Electronics,Actual,869.0,,,0
2025-10-21,Electronics,Actual,730.0,,,0
2025-10-22,Electronics,Actual,817.0,,,0
2025-10-23,Electronics,Actual,861.0,,,0
2025-10-24,Electronics,Actual,898.0,,,0
2025-10-25,Electronics,Actual,1218.0,,,0
2025-10-26,Electronics,Actual,1047.0,,,0
2025-10-27,Electronics,Actual,818.0,,,0
2025-10-28,Electronics,Actual,675.0,,,0
2025-10-29,Electronics,Actual,800.0,,,0
2025-10-30,Electronics,Actual,837.0,,,0
2025-10-31,Electronics,Actual,937.0,,,0
2025-11-01,Electronics,Actual,1251.0,,,0
2025-11-02,Electronics,Actual,1064.0,,,0
2025-11-03,Electronics,Actual,899.0,,,0
2025-11-04,Electronics,Actual,847.0,,,0
2025-11-05,Electronics,Actual,924.0,,,0
2025-11-06,Electronics,Actual,781.0,,,0
2025-11-07,Electronics,Actual,876.0,,,0
2025-11-08,Electronics,Actual,1202.0,,,0
2025-11-09,Electronics,Actual,1234.0,,,0
2025-11-10,Electronics,Actual,1283.0,,,0
2025-11-11,Electronics,Actual,742.0,,,0
2025-11-12,Electronics,Actual,746.0,,,0
2025-11-13,Electronics,Actual,768.0,,,0
2025-11-14,Electronics,Actual,976.0,,,0
2025-11-15,Electronics,Actual,1057.0,,,0
2025-11-16,Electronics,Actual,1150.0,,,0
2025-11-17,Electronics,Actual,800.0,,,0
2025-11-18,Electronics,Actual,870.0,,,0
2025-11-19,Electronics,Actual,874.0,,,0
2025-11-20,Electronics,Actual,843.0,,,0
2025-11-21,Electronics,Actual,883.0,,,0
2025-11-22,Electronics,Actual,1140.0,,,0
2025-11-23,Electronics,Actual,1215.0,,,0
2025-11-24,Electronics,Actual,948.0,,,0
2025-11-25,Electronics,Actual,836.0,,,0
2025-11-26,Electronics,Actual,758.0,,,0
2025-11-27,Electronics,Actual,851.0,,,0
2025-11-28,Electronics,Actual,3251.0,,,0
2025-11-29,Electronics,Actual,1259.0,,,0
2025-11-30,Electronics,Actual,1022.0,,,0
2025-12-01,Electronics,Actual,1550.0,,,0
2025-12-02,Electronics,Actual,699.0,,,0
2025-12-03,Electronics,Actual,844.0,,,0
2025-12-04,Electronics,Actual,1182.0,,,0
2025-12-05,Electronics,Actual,1014.0,,,0
2025-12-06,Electronics,Actual,1251.0,,,0
2025-12-07,Electronics,Actual,1040.0,,,0
2025-12-08,Electronics,Actual,882.0,,,0
2025-12-09,Electronics,Actual,783.0,,,0
2025-12-10,Electronics,Actual,863.0,,,0
2025-12-11,Electronics,Actual,863.0,,,0
2025-12-12,Electronics,Actual,1001.0,,,0
2025-12-13,Electronics,Actual,1270.0,,,0
2025-12-14,Electronics,Actual,1103.0,,,0
2025-12-15,Electronics,Actual,882.0,,,0
2025-12-16,Electronics,Actual,793.0,,,0
2025-12-17,Electronics,Actual,831.0,,,0
2025-12-18,Electronics,Actual,812.0,,,0
2025-12-19,Electronics,Actual,1036.0,,,0
2025-12-20,Electronics,Actual,1184.0,,,0
2025-12-21,Electronics,Actual,1156.0,,,0
2025-12-22,Electronics,Actual,732.0,,,0
2025-12-23,Electronics,Actual,1689.0,,,0
2025-12-24,Electronics,Actual,1136.0,,,0
2025-12-25,Electronics,Actual,798.0,,,0
2025-12-26,Electronics,Actual,1108.0,,,0
2025-12-27,Electronics,Actual,1308.0,,,0
2025-12-28,Electronics,Actual,1109.0,,,0
2025-12-29,Electronics,Actual,741.0,,,0
2025-12-30,Electronics,Actual,798.0,,,0
2025-12-31,Electronics,Actual,822.0,,,0
2025-10-03,Electronics,Backtest,909.1934707407238,754.533141852307,1068.6283908878418,2
2025-10-04,Electronics,Backtest,1071.4955266828572,923.3739603938066,1215.7130994545223,2
2025-10-05,Electronics,Backtest,1022.3833093039324,876.8052666653725,1176.453606034541,2
2025-10-06,Electronics,Backtest,801.2692877106892,644.0454876932879,964.721530868407,2
2025-10-07,Electronics,Backtest,788.2009072097691,622.5447124955681,937.893721796927,2
2025-10-08,Electronics,Backtest,790.1303459765348,642.900514054394,937.793629468164,2
2025-10-09,Electronics,Backtest,809.1382608307047,666.7367011902849,968.7139625883012,2
2025-10-10,Electronics,Backtest,928.4104199192012,776.9433511965733,1082.2506412709015,2
2025-10-11,Electronics,Backtest,1100.816730260998,945.8502370326866,1248.356999694385,2
2025-10-12,Electronics,Backtest,1053.5779439762375,902.5307652046114,1200.898848802636,2
2025-10-13,Electronics,Backtest,815.1233292817111,655.7642849287625,970.302133521989,2
2025-10-14,Electronics,Backtest,804.1555613281438,644.3450182376887,955.518184783749,2
2025-10-15,Electronics,Backtest,799.349991549832,645.306470312068,952.3642141397512,2
2025-10-16,Electronics,Backtest,812.5477624676744,656.8189695276001,966.7341771488664,2
2025-10-17,Electronics,Backtest,922.4073025628062,781.2848203544845,1069.7338518077836,2
2025-10-18,Electronics,Backtest,1079.7092908215716,925.6571597506666,1228.3295565866304,2
2025-10-19,Electronics,Backtest,1016.2038100269034,871.2720516883263,1160.5259273170775,2
2025-10-20,Electronics,Backtest,781.0154634669861,632.4296912118548,926.7648530236622,2
2025-10-21,Electronics,Backtest,768.0733348296549,621.5473718511129,934.6755642649576,2
2025-10-22,Electronics,Backtest,785.037656009483,635.4294934169512,940.2179169777448,2
2025-10-23,Electronics,Backtest,822.2036655106199,671.5699283077563,978.19008553564,2
2025-10-24,Electronics,Backtest,947.4879662156824,797.8951209286178,1108.1653787350622,2
2025-10-25,Electronics,Backtest,1107.752367715631,952.312343154462,1261.5108769495394,2
2025-10-26,Electronics,Backtest,1038.170435891528,881.0023905680058,1187.321466427659,2
2025-10-27,Electronics,Backtest,794.4179034026685,633.4839315507377,957.8623541503152,2
2025-10-28,Electronics,Backtest,774.1637465032514,622.0813072137199,920.848051056492,2
2025-10-29,Electronics,Backtest,782.9021849139353,625.0047969695803,935.5495736303342,2
2025-10-30,Electronics,Backtest,809.4798040815512,662.8743981308953,974.5425936341944,2
2025-10-31,Electronics,Backtest,925.1822202133756,769.3530313364996,1073.3467341284806,2
2025-11-01,Electronics,Backtest,1083.4429616497273,922.6162619788676,1230.7471892037263,2
2025-11-02,Electronics,Backtest,1022.9349767311708,867.1265836641044,1182.0991967091816,2
2025-11-03,Electronics,Backtest,796.1233941444677,647.7305682621579,939.9419862811384,2
2025-11-04,Electronics,Backtest,792.3200196676031,648.6546735464269,941.2318095483556,2
2025-11-05,Electronics,Backtest,808.5238107490482,663.6325908579068,953.0286817461746,2
2025-11-06,Electronics,Backtest,833.8015585780813,679.5729708638981,980.8127221874128,2
2025-11-07,Electronics,Backtest,947.9465316418004,782.1373613121308,1097.5869901650217,2
2025-11-08,Electronics,Backtest,1113.3838732751651,961.6200604242,1268.9490938330034,2
2025-11-09,Electronics,Backtest,1070.069010434995,917.822827217478,1214.233198466264,2
2025-11-10,Electronics,Backtest,863.8830061318894,694.0766431206589,1014.005480568774,2
2025-11-11,Electronics,Backtest,874.745646584252,716.3810514450439,1031.291800989474,2
2025-11-12,Electronics,Backtest,897.7281189307809,739.9755655076062,1055.6921440386454,2
2025-11-13,Electronics,Backtest,921.9268723389008,772.4906498880089,1076.6124744335582,2
2025-11-14,Electronics,Backtest,1034.094383786687,887.6012882464855,1188.7307028351722,2
2025-11-15,Electronics,Backtest,1198.4709619541882,1045.04438028421,1360.1261589775656,2
2025-11-16,Electronics,Backtest,1150.6969864044383,992.060868515022,1296.6118212181827,2
2025-11-17,Electronics,Backtest,932.4650459261228,774.0326109778424,1083.2904233440067,2
2025-11-18,Electronics,Backtest,927.1457964340216,762.1997197045398,1079.2509067102174,2
2025-11-19,Electronics,Backtest,934.7184972727316,777.8177516438824,1087.2463134099023,2
2025-11-20,Electronics,Backtest,956.6011703051284,813.713595489845,1101.907222199182,2
2025-11-21,Electronics,Backtest,1081.064871920323,919.3861853400232,1231.8162467768689,2
2025-11-22,Electronics,Backtest,1264.7589096127645,1106.363253740111,1416.4253898785596,2
2025-11-23,Electronics,Backtest,1230.6140342138397,1079.4487142208316,1392.3724961712248,2
2025-11-24,Electronics,Backtest,1012.5071819502144,856.2039516183678,1177.102194484417,2
2025-11-25,Electronics,Backtest,995.5106638156464,841.5451263345118,1143.5731472947164,2
2025-11-26,Electronics,Backtest,985.4883955449465,831.0805177088787,1135.600184560141,2
2025-11-27,Electronics,Backtest,978.5449289223247,829.4456111764645,1129.8657575636462,2
2025-11-28,Electronics,Backtest,1095.3926599700608,941.194789867056,1250.0176633194012,2
2025-11-29,Electronics,Backtest,1258.6230921240808,1112.8548347019437,1421.0680950099566,2
2025-11-30,Electronics,Backtest,1201.8705380795614,1050.4672838373754,1367.39818791457,2
2025-12-01,Electronics,Backtest,964.84216123966,801.2077370057511,1127.845819895062,2
2025-12-02,Electronics,Backtest,940.1671012530566,784.654199761298,1091.6478572069775,2
2025-12-03,Electronics,Backtest,934.1038015439876,785.1308530802511,1094.983536246466,2
2025-12-04,Electronics,Backtest,946.437127636356,795.9077240449121,1097.3644235782838,2
2025-12-05,Electronics,Backtest,1056.5381526496406,903.4647754490416,1213.818827639326,2
2025-12-06,Electronics,Backtest,1214.4223729789126,1073.662758389467,1370.460832730558,2
2025-12-07,Electronics,Backtest,1147.4142293602213,995.2882074572192,1305.8634287482748,2
2025-12-08,Electronics,Backtest,905.3970719185068,750.5070806007186,1061.992490981928,2
2025-12-09,Electronics,Backtest,888.399243101064,745.6045164472492,1048.3241672705224,2
2025-12-10,Electronics,Backtest,899.4723277072682,746.5127092175338,1059.1566829036326,2
2025-12-11,Electronics,Backtest,929.2112103605853,776.6725740970917,1085.7973751437517,2
2025-12-12,Electronics,Backtest,1049.4538066536836,892.3954353199107,1203.726904667471,2
2025-12-13,Electronics,Backtest,1209.5835327967636,1049.171500793613,1352.1831910471624,2
2025-12-14,Electronics,Backtest,1141.5151928018222,981.9030939211492,1294.3771564274923,2
2025-12-15,Electronics,Backtest,899.7221934111196,731.0079960034498,1054.6657383070697,2
2025-12-16,Electronics,Backtest,884.0417180838334,740.8072474042199,1050.055497003651,2
2025-12-17,Electronics,Backtest,891.9981250294908,733.4111401480237,1038.2651596898795,2
2025-12-18,Electronics,Backtest,911.9924215064872,762.3674851899816,1060.3528274501432,2
2025-12-19,Electronics,Backtest,1021.2619912421076,868.7617099397886,1184.200558169881,2
2025-12-20,Electronics,Backtest,1178.976124593538,1022.9975292219084,1322.4423682335578,2
2025-12-21,Electronics,Backtest,1122.928505596614,971.6361144875254,1283.8558276564,2
2025-12-22,Electronics,Backtest,904.746650700906,752.9640014326202,1052.2718725949348,2
2025-12-23,Electronics,Backtest,914.198801611895,754.9240193274959,1064.9955718858175,2
2025-12-24,Electronics,Backtest,937.0548058336822,777.1223346327785,1087.760505456251,2
2025-12-25,Electronics,Backtest,943.7496345869088,787.615739461165,1093.947376938262,2
2025-12-26,Electronics,Backtest,1058.0786206055263,912.7327217067998,1201.5392447037675,2
2025-12-27,Electronics,Backtest,1203.5786911666096,1051.4895208990588,1362.599790716193,2
2025-12-28,Electronics,Backtest,1134.258011234563,974.0344666442312,1283.8749787383238,2
2025-12-29,Electronics,Backtest,900.2634290509087,750.7029146009648,1051.811020820739,2
2025-12-30,Electronics,Backtest,891.013981057227,746.9602880817549,1037.5757380295258,2
2025-12-31,Electronics,Backtest,895.1339440668694,743.7079328907909,1053.7308272849198,2
2026-01-01,Electronics,Forecast,925.9773404108282,746.4227163215563,1111.0750791746752,1
2026-01-02,Electronics,Forecast,1021.2195653885614,849.256190257419,1188.6505559483062,1
2026-01-03,Electronics,Forecast,1175.9475348231456,1006.9370916830866,1354.8171545350365,1
2026-01-04,Electronics,Forecast,1111.3608006152858,928.8300862885452,1301.1224950825624,1
2026-01-05,Electronics,Forecast,873.1887820733313,680.8683856035467,1046.9763153421502,1
2026-01-06,Electronics,Forecast,832.7205456895584,661.7924394614939,1004.1518723244316,1
2026-01-07,Electronics,Forecast,821.4335694865434,656.1108995120806,1006.6947479407236,1
2026-01-08,Electronics,Forecast,833.6900769926822,657.8427037078565,1012.2925881417696,1
2026-01-09,Electronics,Forecast,974.0876329037362,794.1775675210126,1145.3761495429878,1
2026-01-10,Electronics,Forecast,1140.9523123804358,965.5924149910308,1311.9861507067458,1
2026-01-11,Electronics,Forecast,1077.8450783823787,892.8354284632759,1258.001635585115,1
2026-01-12,Electronics,Forecast,834.1390410755308,648.6052101975354,1009.8651547055624,1
2026-01-13,Electronics,Forecast,789.4925376976051,610.6540032910873,967.1360964234316,1
2026-01-14,Electronics,Forecast,777.7161138381341,596.921043126631,956.7205419725648,1
2026-01-15,Electronics,Forecast,788.3526870895176,624.5151512816759,959.3930783661764,1
2026-01-16,Electronics,Forecast,919.6566732697876,740.8081431819969,1092.199006517583,1
2026-01-17,Electronics,Forecast,1069.923099520134,901.6629673057804,1237.475052370634,1
2026-01-18,Electronics,Forecast,991.6731772962388,819.1708984709277,1160.8825494740745,1
2026-01-19,Electronics,Forecast,745.1092868341277,574.9983501778829,938.5279956555058,1
2026-01-20,Electronics,Forecast,719.7816531079461,546.0923975111244,899.9398981116406,1
2026-01-21,Electronics,Forecast,737.0883245560485,562.2085291998932,918.1824905658156,1
2026-01-22,Electronics,Forecast,774.3796655439854,600.7081230868106,960.919938809965,1
2026-01-23,Electronics,Forecast,921.0196556233624,740.5598351955641,1099.5273050469502,1
2026-01-24,Electronics,Forecast,1076.1626400031284,893.6966547065964,1249.3211830692314,1
2026-01-25,Electronics,Forecast,999.1460323430948,812.3078116526651,1188.8986778088008,1
2026-01-26,Electronics,Forecast,756.4958801269606,579.9340956408523,926.7907824008964,1
2026-01-27,Electronics,Forecast,731.1822151540733,547.8694698417162,908.3998963082612,1
2026-01-28,Electronics,Forecast,741.698816809965,571.4956378206864,933.3301719592208,1
2026-01-29,Electronics,Forecast,761.8320210672287,580.9203960110686,933.8452510865876,1
2026-01-30,Electronics,Forecast,888.4197236085083,701.7061805091688,1059.434744313505,1
2026-01-31,Electronics,Forecast,1031.920613555591,851.0333093919771,1216.7042495613457,1
2026-02-01,Electronics,Forecast,956.9651742021608,784.6868538293542,1123.933142549596,1
2026-02-02,Electronics,Forecast,725.0244957956716,558.2346188903026,897.9052897696049,1
2026-02-03,Electronics,Forecast,708.2558717370442,540.0428030828344,876.0204125437591,1
2026-02-04,Electronics,Forecast,717.006733352354,537.9533436716424,887.6807074359288,1
2026-02-05,Electronics,Forecast,728.3337129006477,535.835720971255,902.0605790146222,1
2026-02-06,Electronics,Forecast,850.4047953199729,674.213015327785,1031.0099851531184,1
2026-02-07,Electronics,Forecast,1001.9189490577168,825.1670663142698,1169.2880316220217,1
2026-02-08,Electronics,Forecast,944.9890834491064,747.8504881518809,1119.275453845727,1
2026-02-09,Electronics,Forecast,730.8109737920711,546.9558460338246,912.5554062172986,1
2026-02-10,Electronics,Forecast,722.9012346395151,539.7566581821822,906.2913214945236,1
2026-02-11,Electronics,Forecast,730.1368178833994,556.6474096210367,909.7207745230148,1
2026-02-12,Electronics,Forecast,736.1238753405516,566.0510777541788,915.6506161534198,1
2026-02-13,Electronics,Forecast,855.3613230925378,677.2389723472173,1043.0367007326745,1
2026-02-14,Electronics,Forecast,1005.1211533119156,820.950792888294,1174.5225990629615,1
2026-02-15,Electronics,Forecast,940.0641671146587,756.1302746605023,1115.1665898325432,1
2026-02-16,Electronics,Forecast,716.624232436941,525.1283727822437,893.2123432679429,1
2026-02-17,Electronics,Forecast,677.1789918884361,495.02329588368906,854.2578343068772,1
2026-02-18,Electronics,Forecast,670.0147449842349,504.1278535434439,838.709417452936,1
2026-02-19,Electronics,Forecast,679.2169716149176,491.51442179323584,854.2339026731738,1
2026-02-20,Electronics,Forecast,818.0450936265188,634.154755238081,994.1239367482902,1
2026-02-21,Electronics,Forecast,991.7380942838914,816.2409802211745,1179.5340694112874,1
2026-02-22,Electronics,Forecast,941.7150949139314,760.2532556698019,1132.803343078254,1
2026-02-23,Electronics,Forecast,711.3609867487206,532.6129870125293,883.2558970809417,1
2026-02-24,Electronics,Forecast,676.9416133576699,497.6800760834758,851.2152001235229,1
2026-02-25,Electronics,Forecast,666.2194516528428,493.120921148232,841.8970458933945,1
2026-02-26,Electronics,Forecast,673.4103744878694,494.3926673874877,852.9242886723459,1
2026-02-27,Electronics,Forecast,806.103535330286,636.8714507276152,994.696522913216,1
2026-02-28,Electronics,Forecast,963.8386648690364,788.0654042934161,1156.0095938195084,1
2026-03-01,Electronics,Forecast,890.1273001915853,700.1541005834182,1079.3681433289448,1
2026-03-02,Electronics,Forecast,639.1728887865579,458.62846437855313,815.0362508982666,1
2026-03-03,Electronics,Forecast,598.2521661146119,425.3008506541717,785.0274263552126,1
2026-03-04,Electronics,Forecast,595.1264622342347,420.3666206148198,770.3464575338687,1
2026-03-05,Electronics,Forecast,614.2125047568346,436.5002448126558,796.809078510167,1
2026-03-06,Electronics,Forecast,752.1347933116361,588.7179576260398,933.2893964775552,1
2026-03-07,Electronics,Forecast,905.6429344909044,729.0303237145773,1089.5962080253958,1
2026-03-08,Electronics,Forecast,825.8652732132507,646.0445953693413,1007.666353536013,1
2026-03-09,Electronics,Forecast,578.3242977024611,412.5456939278946,763.9905878250703,1
2026-03-10,Electronics,Forecast,554.9164888662924,377.3354760604244,740.3038469947116,1
2026-03-11,Electronics,Forecast,575.72763091461,398.63707713077486,757.5178625644807,1
2026-03-12,Electronics,Forecast,613.5658097920002,431.2271999911456,792.6709381130458,1
2026-03-13,Electronics,Forecast,759.3149028361308,573.0836911940098,924.8665244646332,1
2026-03-14,Electronics,Forecast,912.908038076759,727.6046197930148,1090.374857036183,1
2026-03-15,Electronics,Forecast,832.2982222948484,636.42779743044,1012.1815374210692,1
2026-03-16,Electronics,Forecast,585.9016358312936,419.61199946974045,778.637691332427,1
2026-03-17,Electronics,Forecast,561.6230524256065,377.5097083203925,731.4305004950314,1
2026-03-18,Electronics,Forecast,572.3120832316115,398.6033344988213,744.5527416743442,1
2026-03-19,Electronics,Forecast,590.9558247561289,413.91011988077975,780.1210931858645,1
2026-03-20,Electronics,Forecast,718.5470997540313,537.4615906638923,885.1044118600415,1
2026-03-21,Electronics,Forecast,867.314083830983,691.6695155464852,1054.1445036698703,1
2026-03-22,Electronics,Forecast,799.2808882857481,623.0675688448952,970.5520032836793,1
2026-03-23,Electronics,Forecast,575.4909289197083,390.5790486084907,750.5598417723257,1
2026-03-24,Electronics,Forecast,571.0389897000028,385.36281901911866,746.0029455768337,1
2026-03-25,Electronics,Forecast,589.1574061837404,407.8918819668793,763.5304825048221,1
2026-03-26,Electronics,Forecast,604.1219611111998,435.3810176735004,770.6741637135651,1
2026-03-27,Electronics,Forecast,725.0131348029835,548.4458083493802,909.6304648684256,1
2026-03-28,Electronics,Forecast,868.84624259388,682.8330633638602,1042.545568541715,1
2026-03-29,Electronics,Forecast,794.0996601031707,620.46572214593,970.0422300614796,1
2026-03-30,Electronics,Forecast,555.1086442322336,387.8663813919291,725.2619352061411,1
2026-03-31,Electronics,Forecast,526.0415722044778,350.24252613974267,710.1658211985335,1
2025-07-05,Groceries,Actual,1861.0,,,0
2025-07-06,Groceries,Actual,1708.0,,,0
2025-07-07,Groceries,Actual,1357.0,,,0
2025-07-08,Groceries,Actual,1295.0,,,0
2025-07-09,Groceries,Actual,1240.0,,,0
2025-07-10,Groceries,Actual,1317.0,,,0
2025-07-11,Groceries,Actual,1450.0,,,0
2025-07-12,Groceries,Actual,1875.0,,,0
2025-07-13,Groceries,Actual,1834.0,,,0
2025-07-14,Groceries,Actual,1441.0,,,0
2025-07-15,Groceries,Actual,1187.0,,,0
2025-07-16,Groceries,Actual,1257.0,,,0
2025-07-17,Groceries,Actual,1351.0,,,0
2025-07-18,Groceries,Actual,1606.0,,,0
2025-07-19,Groceries,Actual,1752.0,,,0
2025-07-20,Groceries,Actual,1804.0,,,0
2025-07-21,Groceries,Actual,1391.0,,,0
2025-07-22,Groceries,Actual,1189.0,,,0
2025-07-23,Groceries,Actual,1213.0,,,0
2025-07-24,Groceries,Actual,1319.0,,,0
2025-07-25,Groceries,Actual,1569.0,,,0
2025-07-26,Groceries,Actual,1951.0,,,0
2025-07-27,Groceries,Actual,1728.0,,,0
2025-07-28,Groceries,Actual,1386.0,,,0
2025-07-29,Groceries,Actual,1254.0,,,0
2025-07-30,Groceries,Actual,1289.0,,,0
2025-07-31,Groceries,Actual,1354.0,,,0
2025-08-01,Groceries,Actual,1437.0,,,0
2025-08-02,Groceries,Actual,1878.0,,,0
2025-08-03,Groceries,Actual,1760.0,,,0
2025-08-04,Groceries,Actual,1429.0,,,0
2025-08-05,Groceries,Actual,1455.0,,,0
2025-08-06,Groceries,Actual,1278.0,,,0
2025-08-07,Groceries,Actual,1375.0,,,0
2025-08-08,Groceries,Actual,1544.0,,,0
2025-08-09,Groceries,Actual,2024.0,,,0
2025-08-10,Groceries,Actual,1713.0,,,0
2025-08-11,Groceries,Actual,1341.0,,,0
2025-08-12,Groceries,Actual,1349.0,,,0
2025-08-13,Groceries,Actual,1268.0,,,0
2025-08-14,Groceries,Actual,1390.0,,,0
2025-08-15,Groceries,Actual,1585.0,,,0
2025-08-16,Groceries,Actual,1984.0,,,0
2025-08-17,Groceries,Actual,3195.0,,,0
2025-08-18,Groceries,Actual,1367.0,,,0
2025-08-19,Groceries,Actual,1713.0,,,0
2025-08-20,Groceries,Actual,1245.0,,,0
2025-08-21,Groceries,Actual,1557.0,,,0
2025-08-22,Groceries,Actual,1512.0,,,0
2025-08-23,Groceries,Actual,1969.0,,,0
2025-08-24,Groceries,Actual,2966.0,,,0
2025-08-25,Groceries,Actual,1396.0,,,0
2025-08-26,Groceries,Actual,1380.0,,,0
2025-08-27,Groceries,Actual,1346.0,,,0
2025-08-28,Groceries,Actual,1378.0,,,0
2025-08-29,Groceries,Actual,1576.0,,,0
2025-08-30,Groceries,Actual,2081.0,,,0
2025-08-31,Groceries,Actual,1957.0,,,0
2025-09-01,Groceries,Actual,1336.0,,,0
2025-09-02,Groceries,Actual,1332.0,,,0
2025-09-03,Groceries,Actual,1356.0,,,0
2025-09-04,Groceries,Actual,1530.0,,,0
2025-09-05,Groceries,Actual,1613.0,,,0
2025-09-06,Groceries,Actual,2169.0,,,0
2025-09-07,Groceries,Actual,1916.0,,,0
2025-09-08,Groceries,Actual,1512.0,,,0
2025-09-09,Groceries,Actual,1368.0,,,0
2025-09-10,Groceries,Actual,1374.0,,,0
2025-09-11,Groceries,Actual,1420.0,,,0
2025-09-12,Groceries,Actual,1742.0,,,0
2025-09-13,Groceries,Actual,1962.0,,,0
2025-09-14,Groceries,Actual,2042.0,,,0
2025-09-15,Groceries,Actual,1461.0,,,0
2025-09-16,Groceries,Actual,1448.0,,,0
2025-09-17,Groceries,Actual,1635.0,,,0
2025-09-18,Groceries,Actual,1490.0,,,0
2025-09-19,Groceries,Actual,1666.0,,,0
2025-09-20,Groceries,Actual,2288.0,,,0
2025-09-21,Groceries,Actual,1902.0,,,0
2025-09-22,Groceries,Actual,1391.0,,,0
2025-09-23,Groceries,Actual,1315.0,,,0
2025-09-24,Groceries,Actual,1286.0,,,0
2025-09-25,Groceries,Actual,1457.0,,,0
2025-09-26,Groceries,Actual,1600.0,,,0
2025-09-27,Groceries,Actual,2083.0,,,0
2025-09-28,Groceries,Actual,1881.0,,,0
2025-09-29,Groceries,Actual,1466.0,,,0
2025-09-30,Groceries,Actual,1443.0,,,0
2025-10-01,Groceries,Actual,1404.0,,,0
2025-10-02,Groceries,Actual,1394.0,,,0
2025-10-03,Groceries,Actual,1800.0,,,0
2025-10-04,Groceries,Actual,2287.0,,,0
2025-10-05,Groceries,Actual,2044.0,,,0
2025-10-06,Groceries,Actual,1498.0,,,0
2025-10-07,Groceries,Actual,1373.0,,,0
2025-10-08,Groceries,Actual,1313.0,,,0
2025-10-09,Groceries,Actual,1562.0,,,0
2025-10-10,Groceries,Actual,1838.0,,,0
2025-10-11,Groceries,Actual,2204.0,,,0
2025-10-12,Groceries,Actual,2154.0,,,0
2025-10-13,Groceries,Actual,1530.0,,,0
2025-10-14,Groceries,Actual,1417.0,,,0
2025-10-15,Groceries,Actual,1516.0,,,0
2025-10-16,Groceries,Actual,1501.0,,,0
2025-10-17,Groceries,Actual,1822.0,,,0
2025-10-18,Groceries,Actual,2095.0,,,0
2025-10-19,Groceries,Actual,1893.0,,,0
2025-10-20,Groceries,Actual,1634.0,,,0
2025-10-21,Groceries,Actual,1474.0,,,0
2025-10-22,Groceries,Actual,1460.0,,,0
2025-10-23,Groceries,Actual,1541.0,,,0
2025-10-24,Groceries,Actual,1819.0,,,0
2025-10-25,Groceries,Actual,2389.0,,,0
2025-10-26,Groceries,Actual,1986.0,,,0
2025-10-27,Groceries,Actual,1525.0,,,0
2025-10-28,Groceries,Actual,1357.0,,,0
2025-10-29,Groceries,Actual,1392.0,,,0
2025-10-30,Groceries,Actual,1561.0,,,0
2025-10-31,Groceries,Actual,1862.0,,,0
2025-11-01,Groceries,Actual,2254.0,,,0
2025-11-02,Groceries,Actual,2217.0,,,0
2025-11-03,Groceries,Actual,1549.0,,,0
2025-11-04,Groceries,Actual,1556.0,,,0
2025-11-05,Groceries,Actual,1788.0,,,0
2025-11-06,Groceries,Actual,1503.0,,,0
2025-11-07,Groceries,Actual,1741.0,,,0
2025-11-08,Groceries,Actual,2202.0,,,0
2025-11-09,Groceries,Actual,2213.0,,,0
2025-11-10,Groceries,Actual,1524.0,,,0
2025-11-11,Groceries,Actual,1631.0,,,0
2025-11-12,Groceries,Actual,1481.0,,,0
2025-11-13,Groceries,Actual,1677.0,,,0
2025-11-14,Groceries,Actual,1986.0,,,0
2025-11-15,Groceries,Actual,2194.0,,,0
2025-11-16,Groceries,Actual,2193.0,,,0
2025-11-17,Groceries,Actual,1633.0,,,0
2025-11-18,Groceries,Actual,1515.0,,,0
2025-11-19,Groceries,Actual,1579.0,,,0
2025-11-20,Groceries,Actual,1551.0,,,0
2025-11-21,Groceries,Actual,1848.0,,,0
2025-11-22,Groceries,Actual,2220.0,,,0
2025-11-23,Groceries,Actual,2208.0,,,0
2025-11-24,Groceries,Actual,1712.0,,,0
2025-11-25,Groceries,Actual,1472.0,,,0
2025-11-26,Groceries,Actual,1472.0,,,0
2025-11-27,Groceries,Actual,1541.0,,,0
2025-11-28,Groceries,Actual,5729.0,,,0
2025-11-29,Groceries,Actual,2270.0,,,0
2025-11-30,Groceries,Actual,2034.0,,,0
2025-12-01,Groceries,Actual,2823.0,,,0
2025-12-02,Groceries,Actual,1430.0,,,0
2025-12-03,Groceries,Actual,1494.0,,,0
2025-12-04,Groceries,Actual,1549.0,,,0
2025-12-05,Groceries,Actual,1871.0,,,0
2025-12-06,Groceries,Actual,2169.0,,,0
2025-12-07,Groceries,Actual,2328.0,,,0
2025-12-08,Groceries,Actual,1539.0,,,0
2025-12-09,Groceries,Actual,1500.0,,,0
2025-12-10,Groceries,Actual,1572.0,,,0
2025-12-11,Groceries,Actual,1632.0,,,0
2025-12-12,Groceries,Actual,1837.0,,,0
2025-12-13,Groceries,Actual,2476.0,,,0
2025-12-14,Groceries,Actual,2065.0,,,0
2025-12-15,Groceries,Actual,1614.0,,,0
2025-12-16,Groceries,Actual,1554.0,,,0
2025-12-17,Groceries,Actual,1509.0,,,0
2025-12-18,Groceries,Actual,1511.0,,,0
2025-12-19,Groceries,Actual,1718.0,,,0
2025-12-20,Groceries,Actual,2235.0,,,0
2025-12-21,Groceries,Actual,2003.0,,,0
2025-12-22,Groceries,Actual,1586.0,,,0
2025-12-23,Groceries,Actual,3865.0,,,0
2025-12-24,Groceries,Actual,2456.0,,,0
2025-12-25,Groceries,Actual,1621.0,,,0
2025-12-26,Groceries,Actual,1716.0,,,0
2025-12-27,Groceries,Actual,2268.0,,,0
2025-12-28,Groceries,Actual,2151.0,,,0
2025-12-29,Groceries,Actual,1538.0,,,0
2025-12-30,Groceries,Actual,1498.0,,,0
2025-12-31,Groceries,Actual,1379.0,,,0
2025-10-03,Groceries,Backtest,1758.571997025373,1449.2448672407716,2077.448509127753,2
2025-10-04,Groceries,Backtest,2141.7527147013693,1845.503383740434,2430.1938952587075,2
2025-10-05,Groceries,Backtest,2026.0407651939363,1734.8785879717807,2334.1878059720875,2
2025-10-06,Groceries,Backtest,1491.0923541941816,1176.6381748790786,1818.00368042904,2
2025-10-07,Groceries,Backtest,1405.4984507622994,1074.1791291866125,1704.8903440708366,2
2025-10-08,Groceries,Backtest,1385.918114935661,1091.4522900245895,1681.25086112418,2
2025-10-09,Groceries,Backtest,1488.4957858801438,1203.686707579258,1807.6539576492996,2
2025-10-10,Groceries,Backtest,1781.7151213031657,1478.7746454771989,2089.4020016956297,2
2025-10-11,Groceries,Backtest,2184.10185140455,1874.162228265889,2479.188372429958,2
2025-10-12,Groceries,Backtest,2072.4801932746427,1770.3795149216428,2367.12816780532,2
2025-10-13,Groceries,Backtest,1572.718238108608,1253.993480769711,1883.0821922390635,2
2025-10-14,Groceries,Backtest,1418.319797950477,1098.692348132835,1721.0514842777848,2
2025-10-15,Groceries,Backtest,1390.7392062701904,1082.6457175981925,1696.7740545738573,2
2025-10-16,Groceries,Backtest,1501.4745568977414,1190.0105110836057,1809.8538384361989,2
2025-10-17,Groceries,Backtest,1807.5296966435749,1525.2715371678423,2102.188960247609,2
2025-10-18,Groceries,Backtest,2210.749300847845,1902.6385921492724,2507.9965997050413,2
2025-10-19,Groceries,Backtest,2082.1897304006,1792.3201488232055,2370.858358428462,2
2025-10-20,Groceries,Backtest,1510.304594665775,1213.1259050401263,1801.809389023744,2
2025-10-21,Groceries,Backtest,1397.155214921448,1104.096957116129,1730.3665339655747,2
2025-10-22,Groceries,Backtest,1386.438324058937,1087.2157382820496,1696.805339760615,2
2025-10-23,Groceries,Backtest,1531.8058671163185,1230.5276149096871,1843.7851666963084,2
2025-10-24,Groceries,Backtest,1870.975373229264,1571.786137729789,2192.3348616638755,2
2025-10-25,Groceries,Backtest,2289.2040357476785,1978.3174819899648,2596.7273624613,2
2025-10-26,Groceries,Backtest,2153.551769631205,1839.2091020370049,2451.860072165872,2
2025-10-27,Groceries,Backtest,1559.5591187858613,1237.6906697218335,1886.454962059183,2
2025-10-28,Groceries,Backtest,1417.8108245277194,1113.6391830703412,1711.1803480704284,2
2025-10-29,Groceries,Backtest,1374.694781696108,1058.894211745233,1679.9958610045087,2
2025-10-30,Groceries,Backtest,1484.5989212244292,1191.3822503471226,1814.7360147591555,2
2025-10-31,Groceries,Backtest,1791.0669883047306,1479.4020896304023,2087.4024481140127,2
2025-11-01,Groceries,Backtest,2191.654636646967,1869.994613278516,2486.245769461361,2
2025-11-02,Groceries,Backtest,2063.7695524650403,1752.138423018968,2382.097188797197,2
2025-11-03,Groceries,Backtest,1501.1815348692278,1204.3906581047702,1788.8172166062957,2
2025-11-04,Groceries,Backtest,1398.739302855823,1111.4025987082669,1696.569114068327,2
2025-11-05,Groceries,Backtest,1383.063125584297,1093.2746225981705,1672.0786164207027,2
2025-11-06,Groceries,Backtest,1500.8672130203208,1192.40359500401,1794.905878238997,2
2025-11-07,Groceries,Backtest,1805.727330312008,1474.10191914827,2105.009831398084,2
2025-11-08,Groceries,Backtest,2213.326730558624,1909.78852667958,2524.462767279904,2
2025-11-09,Groceries,Backtest,2110.3625448229736,1805.8632887377323,2398.6939832986213,2
2025-11-10,Groceries,Backtest,1582.869644390963,1243.2504141319782,1883.120213323309,2
2025-11-11,Groceries,Backtest,1433.1604109918785,1116.424409207366,1746.2440637186626,2
2025-11-12,Groceries,Backtest,1501.1666723708206,1185.654964117643,1817.1013328427475,2
2025-11-13,Groceries,Backtest,1613.7072332967705,1314.8199645437185,1923.0852310821087,2
2025-11-14,Groceries,Backtest,1916.0169986292503,1623.025207816933,2225.2964496711224,2
2025-11-15,Groceries,Backtest,2335.72590886713,2028.8687544284128,2659.0437321919867,2
2025-11-16,Groceries,Backtest,2255.061620425185,1937.7827462653615,2546.897396091315,2
2025-11-17,Groceries,Backtest,1743.6609209088151,1426.789421154701,2045.3168410176008,2
2025-11-18,Groceries,Backtest,1666.3136098476728,1336.410086863263,1970.5303427165272,2
2025-11-19,Groceries,Backtest,1641.0243857204675,1327.217629271698,1946.0870405328264,2
2025-11-20,Groceries,Backtest,1737.5426902911631,1451.760675094352,2028.1608746424208,2
2025-11-21,Groceries,Backtest,2043.2764359682265,1719.9077855859905,2344.767738300413,2
2025-11-22,Groceries,Backtest,2487.706036380562,2170.875916123663,2791.0469588540154,2
2025-11-23,Groceries,Backtest,2437.8220069787512,2135.4875531238977,2761.316277932905,2
2025-11-24,Groceries,Backtest,1943.5374596413048,1630.9195557290227,2272.740913686353,2
2025-11-25,Groceries,Backtest,1859.528679110943,1551.5912178212095,2155.654797452461,2
2025-11-26,Groceries,Backtest,1806.4345722739963,1497.612317960729,2106.678275121598,2
2025-11-27,Groceries,Backtest,1585.1070423844003,1286.9029778610357,1887.7550319281047,2
2025-11-28,Groceries,Backtest,2122.795115444054,1814.3920995225265,2432.0402817497884,2
2025-11-29,Groceries,Backtest,2516.263585990367,2224.7549404602787,2841.132698846081,2
2025-11-30,Groceries,Backtest,2412.943558302424,2110.1295706741844,2744.0158856094745,2
2025-12-01,Groceries,Backtest,1872.6588333316915,1545.383137320794,2198.6755942504665,2
2025-12-02,Groceries,Backtest,1763.8464296104205,1452.8139885917428,2066.810391067209,2
2025-12-03,Groceries,Backtest,1712.74912481235,1414.778523619735,2034.509646461824,2
2025-12-04,Groceries,Backtest,1788.888262848093,1487.865149721223,2090.777775882286,2
2025-12-05,Groceries,Backtest,2066.108680817328,1759.9565411255344,2380.6834879471053,2
2025-12-06,Groceries,Backtest,2460.0221743871234,2178.514065749613,2772.1046315650115,2
2025-12-07,Groceries,Backtest,2341.4841948547,2037.2353507534604,2658.392804689407,2
2025-12-08,Groceries,Backtest,1786.7076554078897,1476.896477232403,2099.9096924397086,2
2025-12-09,Groceries,Backtest,1680.6401761229408,1395.0240903666866,2000.509615887144,2
2025-12-10,Groceries,Backtest,1650.54454198355,1344.6514269405664,1969.918592059749,2
2025-12-11,Groceries,Backtest,1751.4031923756008,1446.285261072842,2064.590333957164,2
2025-12-12,Groceries,Backtest,2040.3197010040465,1726.1944246261498,2348.8697432919444,2
2025-12-13,Groceries,Backtest,2429.302465071316,2108.432961412821,2714.5080098500885,2
2025-12-14,Groceries,Backtest,2301.436460911537,1982.204798896324,2607.165615045428,2
2025-12-15,Groceries,Backtest,1749.355842336693,1411.9121624966106,2059.2541590380006,2
2025-12-16,Groceries,Backtest,1662.868144395944,1376.3927757206025,1994.8831843447863,2
2025-12-17,Groceries,Backtest,1657.0975199939032,1339.9178970608257,1949.7504181511597,2
2025-12-18,Groceries,Backtest,1769.9496905950698,1470.6944190619752,2066.676720431568,2
2025-12-19,Groceries,Backtest,2052.693387285025,1747.6389413435038,2378.5802016119264,2
2025-12-20,Groceries,Backtest,2428.9665462039347,2117.021546869968,2715.966450086148,2
2025-12-21,Groceries,Backtest,2301.07345310608,1998.4818512184777,2622.93216441822,2
2025-12-22,Groceries,Backtest,1772.190160219573,1468.6001474950635,2067.243999933056,2
2025-12-23,Groceries,Backtest,1724.9534371095965,1406.399301167069,2026.5641760932544,2
2025-12-24,Groceries,Backtest,1754.6812853307974,1434.840905194716,2056.079223573255,2
2025-12-25,Groceries,Backtest,1688.155410697245,1375.8866128131342,1988.5819233259,2
2025-12-26,Groceries,Backtest,2156.003465642345,1865.306019854647,2442.9307171771125,2
2025-12-27,Groceries,Backtest,2505.740481522533,2201.455643761204,2823.788222967888,2
2025-12-28,Groceries,Backtest,2341.884938513024,2021.425726321724,2641.131859813482,2
2025-12-29,Groceries,Backtest,1770.645240761026,1471.517953263227,2073.673274428747,2
2025-12-30,Groceries,Backtest,1675.972465614149,1387.919749903675,1969.070629325044,2
2025-12-31,Groceries,Backtest,1659.033936362635,1356.1498661244705,1976.2535187451915,2
2026-01-01,Groceries,Forecast,2330.7806315876333,1984.294370507884,2687.963431885303,1
2026-01-02,Groceries,Forecast,2026.9502713117763,1695.1128307888291,2350.0415768249213,1
2026-01-03,Groceries,Forecast,2375.829884701883,2049.69071215729,2720.9942939677576,1
2026-01-04,Groceries,Forecast,2239.347807765985,1887.118590278141,2605.5306356692904,1
2026-01-05,Groceries,Forecast,1682.5018775540186,1311.3815266291654,2017.8593930176564,1
2026-01-06,Groceries,Forecast,1577.148306639043,1247.308622805789,1907.959054058872,1
2026-01-07,Groceries,Forecast,1526.9288699956437,1207.905987228262,1884.42709916284,1
2026-01-08,Groceries,Forecast,1610.0777216980096,1270.7453363629404,1954.7266920121024,1
2026-01-09,Groceries,Forecast,1913.0826709520704,1565.9104588934356,2243.6177667604256,1
2026-01-10,Groceries,Forecast,2279.400719359836,1941.009015453761,2609.444434248169,1
2026-01-11,Groceries,Forecast,2148.940270762685,1791.9274553629991,2496.587995117316,1
2026-01-12,Groceries,Forecast,1586.5838718046657,1228.5596999805048,1925.6823129312688,1
2026-01-13,Groceries,Forecast,1475.166061634875,1130.0616376313562,1817.9645430441328,1
2026-01-14,Groceries,Forecast,1428.7422518405256,1079.862325972339,1774.1668006963707,1
2026-01-15,Groceries,Forecast,1525.9916303830864,1209.8319936147643,1856.047990488868,1
2026-01-16,Groceries,Forecast,1843.5198231245215,1498.396110471386,2176.4746720743883,1
2026-01-17,Groceries,Forecast,2214.5387000695,1889.8474012770507,2537.8717115952923,1
2026-01-18,Groceries,Forecast,2078.9719705449925,1746.0940651788242,2405.494966987864,1
2026-01-19,Groceries,Forecast,1543.0305558291484,1214.7676683857137,1916.270265697264,1
2026-01-20,Groceries,Forecast,1416.0249420615878,1080.8570728590291,1763.6760094213685,1
2026-01-21,Groceries,Forecast,1404.3976498597583,1066.930651364047,1753.8547359022884,1
2026-01-22,Groceries,Forecast,1548.8579644404151,1213.7245419347007,1908.823696400235,1
2026-01-23,Groceries,Forecast,1910.908613075425,1562.675596118628,2255.374484242351,1
2026-01-24,Groceries,Forecast,2312.243521161457,1960.1392111761293,2646.3872752714096,1
2026-01-25,Groceries,Forecast,2189.410616345264,1828.8729321298497,2555.57604344814,1
2026-01-26,Groceries,Forecast,1621.165136715367,1280.453958671674,1949.780378618048,1
2026-01-27,Groceries,Forecast,1506.3936756495857,1152.65575529197,1848.3703015757665,1
2026-01-28,Groceries,Forecast,1462.8253537815233,1134.3846767582618,1832.6174539732403,1
2026-01-29,Groceries,Forecast,1563.5027179484346,1214.397854347678,1895.4364494508595,1
2026-01-30,Groceries,Forecast,1880.71671390661,1520.4159372997078,2210.7153574534104,1
2026-01-31,Groceries,Forecast,2251.5389760997778,1902.477417463115,2608.112192315389,1
2026-02-01,Groceries,Forecast,2122.41272066139,1789.9681244188707,2444.605999448825,1
2026-02-02,Groceries,Forecast,1568.58199870547,1246.727849150623,1902.1897808517256,1
2026-02-03,Groceries,Forecast,1473.7776409903115,1149.177160672018,1797.5124618379273,1
2026-02-04,Groceries,Forecast,1439.596488738117,1094.0774635146536,1768.9497641631451,1
2026-02-05,Groceries,Forecast,1535.06196138955,1163.5988570280856,1870.3007139997585,1
2026-02-06,Groceries,Forecast,1842.4043678611904,1502.4060768762763,2190.9175803393887,1
2026-02-07,Groceries,Forecast,2212.5412937986616,1871.4632467214208,2535.511810708708,1
2026-02-08,Groceries,Forecast,2096.601579663296,1716.183898610973,2432.9217003072595,1
2026-02-09,Groceries,Forecast,1561.5074548764303,1206.7224327089502,1912.212274235042,1
2026-02-10,Groceries,Forecast,1477.7030198756042,1124.2892336498276,1831.5905671096436,1
2026-02-11,Groceries,Forecast,1440.079715518168,1105.2942237647028,1786.6227017791855,1
2026-02-12,Groceries,Forecast,1523.865376698772,1195.6763604029245,1870.2979474007248,1
2026-02-13,Groceries,Forecast,1823.6550142517235,1479.9334156134455,2185.812100772788,1
2026-02-14,Groceries,Forecast,2196.7552908028047,1841.3620509541677,2523.6489804390103,1
2026-02-15,Groceries,Forecast,2088.657075029812,1733.7201470306784,2426.5513449178347,1
2026-02-16,Groceries,Forecast,1556.0981356254697,1186.5671100177035,1896.8599797133088,1
2026-02-17,Groceries,Forecast,1460.5449563468014,1109.0399060995687,1802.2539491316984,1
2026-02-18,Groceries,Forecast,1407.4227547184164,1087.310788374148,1732.9525851208489,1
2026-02-19,Groceries,Forecast,1485.599671414118,1123.388973647048,1823.3240521760056,1
2026-02-20,Groceries,Forecast,1800.396185560164,1445.545136682041,2140.1757351381957,1
2026-02-21,Groceries,Forecast,2206.9207512248445,1868.265227699402,2569.299005215663,1
2026-02-22,Groceries,Forecast,2137.353084857006,1787.1861066860463,2506.098825890813,1
2026-02-23,Groceries,Forecast,1632.9656722229445,1288.0359740301053,1964.6691064216975,1
2026-02-24,Groceries,Forecast,1552.2583778330682,1206.3376722469525,1888.5589092737964,1
2026-02-25,Groceries,Forecast,1496.9699601782995,1162.9423409762203,1835.9747231724875,1
2026-02-26,Groceries,Forecast,1559.36877444637,1213.918343675692,1905.7766662424483,1
2026-02-27,Groceries,Forecast,1844.8529976537643,1518.296715297092,2208.771940064267,1
2026-02-28,Groceries,Forecast,2208.94545873594,1869.755643500229,2579.7817936268625,1
2026-03-01,Groceries,Forecast,2090.241884937739,1723.6509159139368,2455.420873716397,1
2026-03-02,Groceries,Forecast,1544.105643466342,1195.7093176515662,1883.467429376856,1
2026-03-03,Groceries,Forecast,1443.6736677171382,1109.923149291384,1804.091533073729,1
2026-03-04,Groceries,Forecast,1394.2897040954788,1057.069884584375,1732.4209470659328,1
2026-03-05,Groceries,Forecast,1477.603904779549,1134.6731615189035,1829.9620221301125,1
2026-03-06,Groceries,Forecast,1781.35682170514,1466.016861298332,2130.930157917948,1
2026-03-07,Groceries,Forecast,2149.77555297587,1808.9702229358325,2504.751277835297,1
2026-03-08,Groceries,Forecast,2024.567111062329,1677.555522247926,2375.39059663435,1
2026-03-09,Groceries,Forecast,1474.6608841328327,1154.750181951314,1832.945647690515,1
2026-03-10,Groceries,Forecast,1384.2636977257846,1041.5975665718277,1742.004894885185,1
2026-03-11,Groceries,Forecast,1356.39929268513,1014.6566224109278,1707.201665308651,1
2026-03-12,Groceries,Forecast,1459.9903244801835,1108.13121298448,1805.6083989662225,1
2026-03-13,Groceries,Forecast,1771.1906887481807,1411.8086214087289,2090.6689211096377,1
2026-03-14,Groceries,Forecast,2133.9692815588955,1776.3892723596737,2476.4262473514545,1
2026-03-15,Groceries,Forecast,2000.361368685053,1622.386527577301,2347.484214601958,1
2026-03-16,Groceries,Forecast,1450.0545394768633,1129.1655419723284,1821.9746490629263,1
2026-03-17,Groceries,Forecast,1368.2151816632866,1012.9323126722092,1695.9320629133204,1
2026-03-18,Groceries,Forecast,1347.8551642954235,1012.6502355485904,1680.2276810704434,1
2026-03-19,Groceries,Forecast,1447.9116165233868,1106.2517909961275,1812.9443809143092,1
2026-03-20,Groceries,Forecast,1745.095112686926,1395.6608179895989,2066.5192305157075,1
2026-03-21,Groceries,Forecast,2095.5446994645567,1756.6034775032886,2456.070019344349,1
2026-03-22,Groceries,Forecast,1965.4234942335213,1625.376269757084,2295.925092404796,1
2026-03-23,Groceries,Forecast,1439.2901059203884,1082.466211269102,1777.1248989626858,1
2026-03-24,Groceries,Forecast,1394.3241830715426,1036.0357823701634,1731.9451360181913,1
2026-03-25,Groceries,Forecast,1408.3942672593796,1058.6084563132151,1744.8905355212798,1
2026-03-26,Groceries,Forecast,1529.233669113923,1203.6146806864908,1850.6291789594327,1
2026-03-27,Groceries,Forecast,1830.7108582132464,1489.958835987869,2186.965459139622,1
2026-03-28,Groceries,Forecast,2170.955405605192,1812.0039468183893,2506.145249289914,1
2026-03-29,Groceries,Forecast,2017.125031320758,1682.0639084757902,2356.6054566947164,1
2026-03-30,Groceries,Forecast,1453.4657091658942,1130.7610653821428,1781.7985762760245,1
2026-03-31,Groceries,Forecast,1360.6458944810165,1021.3977581724528,1715.9439259124922,1
2025-07-05,Home & Garden,Actual,767.0,,,0
2025-07-06,Home & Garden,Actual,651.0,,,0
2025-07-07,Home & Garden,Actual,462.0,,,0
2025-07-08,Home & Garden,Actual,523.0,,,0
2025-07-09,Home & Garden,Actual,503.0,,,0
2025-07-10,Home & Garden,Actual,530.0,,,0
2025-07-11,Home & Garden,Actual,653.0,,,0
2025-07-12,Home & Garden,Actual,561.0,,,0
2025-07-13,Home & Garden,Actual,617.0,,,0
2025-07-14,Home & Garden,Actual,483.0,,,0
2025-07-15,Home & Garden,Actual,556.0,,,0
2025-07-16,Home & Garden,Actual,476.0,,,0
2025-07-17,Home & Garden,Actual,536.0,,,0
2025-07-18,Home & Garden,Actual,589.0,,,0
2025-07-19,Home & Garden,Actual,718.0,,,0
2025-07-20,Home & Garden,Actual,645.0,,,0
2025-07-21,Home & Garden,Actual,544.0,,,0
2025-07-22,Home & Garden,Actual,460.0,,,0
2025-07-23,Home & Garden,Actual,738.0,,,0
2025-07-24,Home & Garden,Actual,555.0,,,0
2025-07-25,Home & Garden,Actual,585.0,,,0
2025-07-26,Home & Garden,Actual,635.0,,,0
2025-07-27,Home & Garden,Actual,631.0,,,0
2025-07-28,Home & Garden,Actual,416.0,,,0
2025-07-29,Home & Garden,Actual,490.0,,,0
2025-07-30,Home & Garden,Actual,500.0,,,0
2025-07-31,Home & Garden,Actual,527.0,,,0
2025-08-01,Home & Garden,Actual,548.0,,,0
2025-08-02,Home & Garden,Actual,709.0,,,0
2025-08-03,Home & Garden,Actual,654.0,,,0
2025-08-04,Home & Garden,Actual,383.0,,,0
2025-08-05,Home & Garden,Actual,495.0,,,0
2025-08-06,Home & Garden,Actual,512.0,,,0
2025-08-07,Home & Garden,Actual,440.0,,,0
2025-08-08,Home & Garden,Actual,548.0,,,0
2025-08-09,Home & Garden,Actual,641.0,,,0
2025-08-10,Home & Garden,Actual,539.0,,,0
2025-08-11,Home & Garden,Actual,392.0,,,0
2025-08-12,Home & Garden,Actual,392.0,,,0
2025-08-13,Home & Garden,Actual,424.0,,,0
2025-08-14,Home & Garden,Actual,451.0,,,0
2025-08-15,Home & Garden,Actual,447.0,,,0
2025-08-16,Home & Garden,Actual,664.0,,,0
2025-08-17,Home & Garden,Actual,878.0,,,0
2025-08-18,Home & Garden,Actual,445.0,,,0
2025-08-19,Home & Garden,Actual,417.0,,,0
2025-08-20,Home & Garden,Actual,416.0,,,0
2025-08-21,Home & Garden,Actual,430.0,,,0
2025-08-22,Home & Garden,Actual,482.0,,,0
2025-08-23,Home & Garden,Actual,511.0,,,0
2025-08-24,Home & Garden,Actual,761.0,,,0
2025-08-25,Home & Garden,Actual,370.0,,,0
2025-08-26,Home & Garden,Actual,400.0,,,0
2025-08-27,Home & Garden,Actual,378.0,,,0
2025-08-28,Home & Garden,Actual,419.0,,,0
2025-08-29,Home & Garden,Actual,480.0,,,0
2025-08-30,Home & Garden,Actual,514.0,,,0
2025-08-31,Home & Garden,Actual,484.0,,,0
2025-09-01,Home & Garden,Actual,354.0,,,0
2025-09-02,Home & Garden,Actual,398.0,,,0
2025-09-03,Home & Garden,Actual,366.0,,,0
2025-09-04,Home & Garden,Actual,343.0,,,0
2025-09-05,Home & Garden,Actual,366.0,,,0
2025-09-06,Home & Garden,Actual,570.0,,,0
2025-09-07,Home & Garden,Actual,451.0,,,0
2025-09-08,Home & Garden,Actual,339.0,,,0
2025-09-09,Home & Garden,Actual,299.0,,,0
2025-09-10,Home & Garden,Actual,335.0,,,0
2025-09-11,Home & Garden,Actual,320.0,,,0
2025-09-12,Home & Garden,Actual,401.0,,,0
2025-09-13,Home & Garden,Actual,521.0,,,0
2025-09-14,Home & Garden,Actual,430.0,,,0
2025-09-15,Home & Garden,Actual,430.0,,,0
2025-09-16,Home & Garden,Actual,303.0,,,0
2025-09-17,Home & Garden,Actual,336.0,,,0
2025-09-18,Home & Garden,Actual,269.0,,,0
2025-09-19,Home & Garden,Actual,359.0,,,0
2025-09-20,Home & Garden,Actual,361.0,,,0
2025-09-21,Home & Garden,Actual,458.0,,,0
2025-09-22,Home & Garden,Actual,344.0,,,0
2025-09-23,Home & Garden,Actual,276.0,,,0
2025-09-24,Home & Garden,Actual,368.0,,,0
2025-09-25,Home & Garden,Actual,305.0,,,0
2025-09-26,Home & Garden,Actual,309.0,,,0
2025-09-27,Home & Garden,Actual,552.0,,,0
2025-09-28,Home & Garden,Actual,406.0,,,0
2025-09-29,Home & Garden,Actual,291.0,,,0
2025-09-30,Home & Garden,Actual,372.0,,,0
2025-10-01,Home & Garden,Actual,341.0,,,0
2025-10-02,Home & Garden,Actual,343.0,,,0
2025-10-03,Home & Garden,Actual,319.0,,,0
2025-10-04,Home & Garden,Actual,410.0,,,0
2025-10-05,Home & Garden,Actual,401.0,,,0
2025-10-06,Home & Garden,Actual,251.0,,,0
2025-10-07,Home & Garden,Actual,234.0,,,0
2025-10-08,Home & Garden,Actual,240.0,,,0
2025-10-09,Home & Garden,Actual,258.0,,,0
2025-10-10,Home & Garden,Actual,285.0,,,0
2025-10-11,Home & Garden,Actual,320.0,,,0
2025-10-12,Home & Garden,Actual,434.0,,,0
2025-10-13,Home & Garden,Actual,263.0,,,0
2025-10-14,Home & Garden,Actual,258.0,,,0
2025-10-15,Home & Garden,Actual,207.0,,,0
2025-10-16,Home & Garden,Actual,245.0,,,0
2025-10-17,Home & Garden,Actual,287.0,,,0
2025-10-18,Home & Garden,Actual,356.0,,,0
2025-10-19,Home & Garden,Actual,332.0,,,0
2025-10-20,Home & Garden,Actual,374.0,,,0
2025-10-21,Home & Garden,Actual,240.0,,,0
2025-10-22,Home & Garden,Actual,255.0,,,0
2025-10-23,Home & Garden,Actual,282.0,,,0
2025-10-24,Home & Garden,Actual,290.0,,,0
2025-10-25,Home & Garden,Actual,328.0,,,0
2025-10-26,Home & Garden,Actual,319.0,,,0
2025-10-27,Home & Garden,Actual,241.0,,,0
2025-10-28,Home & Garden,Actual,267.0,,,0
2025-10-29,Home & Garden,Actual,269.0,,,0
2025-10-30,Home & Garden,Actual,256.0,,,0
2025-10-31,Home & Garden,Actual,291.0,,,0
2025-11-01,Home & Garden,Actual,321.0,,,0
2025-11-02,Home & Garden,Actual,311.0,,,0
2025-11-03,Home & Garden,Actual,235.0,,,0
2025-11-04,Home & Garden,Actual,206.0,,,0
2025-11-05,Home & Garden,Actual,230.0,,,0
2025-11-06,Home & Garden,Actual,248.0,,,0
2025-11-07,Home & Garden,Actual,240.0,,,0
2025-11-08,Home & Garden,Actual,336.0,,,0
2025-11-09,Home & Garden,Actual,295.0,,,0
2025-11-10,Home & Garden,Actual,226.0,,,0
2025-11-11,Home & Garden,Actual,221.0,,,0
2025-11-12,Home & Garden,Actual,260.0,,,0
2025-11-13,Home & Garden,Actual,242.0,,,0
2025-11-14,Home & Garden,Actual,241.0,,,0
2025-11-15,Home & Garden,Actual,263.0,,,0
2025-11-16,Home & Garden,Actual,316.0,,,0
2025-11-17,Home & Garden,Actual,331.0,,,0
2025-11-18,Home & Garden,Actual,203.0,,,0
2025-11-19,Home & Garden,Actual,246.0,,,0
2025-11-20,Home & Garden,Actual,235.0,,,0
2025-11-21,Home & Garden,Actual,219.0,,,0
2025-11-22,Home & Garden,Actual,317.0,,,0
2025-11-23,Home & Garden,Actual,243.0,,,0
2025-11-24,Home & Garden,Actual,253.0,,,0
2025-11-25,Home & Garden,Actual,235.0,,,0
2025-11-26,Home & Garden,Actual,191.0,,,0
2025-11-27,Home & Garden,Actual,223.0,,,0
2025-11-28,Home & Garden,Actual,839.0,,,0
2025-11-29,Home & Garden,Actual,321.0,,,0
2025-11-30,Home & Garden,Actual,297.0,,,0
2025-12-01,Home & Garden,Actual,457.0,,,0
2025-12-02,Home & Garden,Actual,208.0,,,0
2025-12-03,Home & Garden,Actual,217.0,,,0
2025-12-04,Home & Garden,Actual,250.0,,,0
2025-12-05,Home & Garden,Actual,349.0,,,0
2025-12-06,Home & Garden,Actual,366.0,,,0
2025-12-07,Home & Garden,Actual,345.0,,,0
2025-12-08,Home & Garden,Actual,242.0,,,0
2025-12-09,Home & Garden,Actual,189.0,,,0
2025-12-10,Home & Garden,Actual,276.0,,,0
2025-12-11,Home & Garden,Actual,251.0,,,0
2025-12-12,Home & Garden,Actual,261.0,,,0
2025-12-13,Home & Garden,Actual,326.0,,,0
2025-12-14,Home & Garden,Actual,268.0,,,0
2025-12-15,Home & Garden,Actual,292.0,,,0
2025-12-16,Home & Garden,Actual,280.0,,,0
2025-12-17,Home & Garden,Actual,249.0,,,0
2025-12-18,Home & Garden,Actual,262.0,,,0
2025-12-19,Home & Garden,Actual,268.0,,,0
2025-12-20,Home & Garden,Actual,336.0,,,0
2025-12-21,Home & Garden,Actual,331.0,,,0
2025-12-22,Home & Garden,Actual,211.0,,,0
2025-12-23,Home & Garden,Actual,604.0,,,0
2025-12-24,Home & Garden,Actual,437.0,,,0
2025-12-25,Home & Garden,Actual,264.0,,,0
2025-12-26,Home & Garden,Actual,340.0,,,0
2025-12-27,Home & Garden,Actual,384.0,,,0
2025-12-28,Home & Garden,Actual,282.0,,,0
2025-12-29,Home & Garden,Actual,294.0,,,0
2025-12-30,Home & Garden,Actual,286.0,,,0
2025-12-31,Home & Garden,Actual,266.0,,,0
2025-10-03,Home & Garden,Backtest,339.68983109686525,252.3144185840548,429.7626507845309,2
2025-10-04,Home & Garden,Backtest,423.6952055897346,340.013869531754,505.1709790029143,2
2025-10-05,Home & Garden,Backtest,412.7949166143756,330.5505452246783,499.83699023184806,2
2025-10-06,Home & Garden,Backtest,272.5870480491464,183.7634015323768,364.9294559225556,2
2025-10-07,Home & Garden,Backtest,245.81730628164448,152.22977512555488,330.38631967222807,2
2025-10-08,Home & Garden,Backtest,253.85678189186476,170.67923150872778,337.27921090652,2
2025-10-09,Home & Garden,Backtest,264.7087712076143,184.2589551140114,354.86112945093964,2
2025-10-10,Home & Garden,Backtest,319.36131625306,233.78993730368413,406.2734086963966,2
2025-10-11,Home & Garden,Backtest,414.2405638306906,326.69217635892414,497.593486784971,2
2025-10-12,Home & Garden,Backtest,411.1851521427597,325.85099018330243,494.4141541983161,2
2025-10-13,Home & Garden,Backtest,251.2406407179557,161.2106870894982,338.9089604344218,2
2025-10-14,Home & Garden,Backtest,248.05448394361903,157.7694695159504,333.56686092074364,2
2025-10-15,Home & Garden,Backtest,254.31422926445205,167.2872824719991,340.7596733884397,2
2025-10-16,Home & Garden,Backtest,260.92857381593745,172.9495345182068,348.0362483144196,2
2025-10-17,Home & Garden,Backtest,308.18502151299333,228.4575162671599,391.417212385005,2
2025-10-18,Home & Garden,Backtest,393.3948870496328,306.363076128623,477.3579880248983,2
2025-10-19,Home & Garden,Backtest,381.61336380315527,299.734110978234,463.1490501049726,2
2025-10-20,Home & Garden,Backtest,241.1517756319965,157.20815086711235,323.4929463304346,2
2025-10-21,Home & Garden,Backtest,217.97889176865093,135.19898515925323,312.10088156200953,2
2025-10-22,Home & Garden,Backtest,232.1270285778297,147.60583936429035,319.7961769198707,2
2025-10-23,Home & Garden,Backtest,246.35648538731272,161.25572701728265,334.4810710113331,2
2025-10-24,Home & Garden,Backtest,296.8096090928371,212.29717668664009,387.5842969403321,2
2025-10-25,Home & Garden,Backtest,379.9482347798481,292.13233289571133,466.814158778528,2
2025-10-26,Home & Garden,Backtest,363.0739865468521,274.2818386659139,447.33691882865,2
2025-10-27,Home & Garden,Backtest,217.69896277010812,126.77945177559114,310.0369715752064,2
2025-10-28,Home & Garden,Backtest,191.83112965222296,105.91208503363411,274.70032915970864,2
2025-10-29,Home & Garden,Backtest,205.4819815898678,116.27781872771858,291.72017988041193,2
2025-10-30,Home & Garden,Backtest,221.03020302388245,138.20543173210967,314.2826465979624,2
2025-10-31,Home & Garden,Backtest,275.00301886121093,186.9672584466768,358.7086265853273,2
2025-11-01,Home & Garden,Backtest,364.3325830053629,273.47348125773067,447.5512064100868,2
2025-11-02,Home & Garden,Backtest,355.1758090167699,267.1514640290157,445.09537866105074,2
2025-11-03,Home & Garden,Backtest,215.9036681159697,132.06911611009272,297.1537908505666,2
2025-11-04,Home & Garden,Backtest,191.23925468447212,110.07546193067566,275.367027865654,2
2025-11-05,Home & Garden,Backtest,200.13190773883636,118.27555712544408,281.7699809035537,2
2025-11-06,Home & Garden,Backtest,208.0511216747572,120.9196218515894,291.10544627241586,2
2025-11-07,Home & Garden,Backtest,257.25416622004167,163.58020714884685,341.7934492295133,2
2025-11-08,Home & Garden,Backtest,349.1734355739902,263.43425096500545,437.0600323919314,2
2025-11-09,Home & Garden,Backtest,350.11430368888136,264.1027427732143,431.5597974983508,2
2025-11-10,Home & Garden,Backtest,224.56862861878324,128.6364774098644,309.38035745564366,2
2025-11-11,Home & Garden,Backtest,210.2483071465494,120.78016209972957,298.68863237429565,2
2025-11-12,Home & Garden,Backtest,229.86016006509595,140.73779410760713,319.1019970324899,2
2025-11-13,Home & Garden,Backtest,242.112012596432,157.68767089081493,329.5017140680092,2
2025-11-14,Home & Garden,Backtest,292.81802065401024,210.0567085817755,380.179880921033,2
2025-11-15,Home & Garden,Backtest,383.7826862867688,297.10437622100187,475.1098786460027,2
2025-11-16,Home & Garden,Backtest,380.3847490421601,290.7632129983641,462.819391301248,2
2025-11-17,Home & Garden,Backtest,246.8797941650039,157.3733288774353,332.0886127341549,2
2025-11-18,Home & Garden,Backtest,225.61086411521967,132.42438268690347,311.54270922750885,2
2025-11-19,Home & Garden,Backtest,236.51811153624644,147.87701633336314,322.6887806166695,2
2025-11-20,Home & Garden,Backtest,248.3088692477945,167.5844503083752,330.39957936137984,2
2025-11-21,Home & Garden,Backtest,304.37091261273105,213.03032079155983,389.5373483523067,2
2025-11-22,Home & Garden,Backtest,402.5856615635423,313.09871886735306,488.2697611715009,2
2025-11-23,Home & Garden,Backtest,403.2225191142591,317.82171431257456,494.6068406077436,2
2025-11-24,Home & Garden,Backtest,267.830971446914,179.52724887183874,360.8191904730961,2
2025-11-25,Home & Garden,Backtest,239.99062887625615,153.0077406183017,323.638445176366,2
2025-11-26,Home & Garden,Backtest,242.7837954910465,155.55100420354452,327.58991584613614,2
2025-11-27,Home & Garden,Backtest,221.14297994615012,136.9092866800384,306.63174050513527,2
2025-11-28,Home & Garden,Backtest,298.9451758969167,211.83100320313636,386.3002677386074,2
2025-11-29,Home & Garden,Backtest,394.2373914869677,311.88683380724115,486.009718728495,2
2025-11-30,Home & Garden,Backtest,393.7007683519017,308.1653960577637,487.2160787313396,2
2025-12-01,Home & Garden,Backtest,259.5118838831746,167.06655274043942,351.6009462105604,2
2025-12-02,Home & Garden,Backtest,235.46928438001572,147.61220681185048,321.04828153786804,2
2025-12-03,Home & Garden,Backtest,242.51398440697577,158.35107355670618,333.4028723951295,2
2025-12-04,Home & Garden,Backtest,248.4584810392264,163.4181478131843,333.7258084916335,2
2025-12-05,Home & Garden,Backtest,295.120585100826,208.64175511114317,383.9765892663849,2
2025-12-06,Home & Garden,Backtest,381.2057575472899,301.684190833078,469.3597087741365,2
2025-12-07,Home & Garden,Backtest,371.60753676499047,285.66424947321667,461.123610691538,2
2025-12-08,Home & Garden,Backtest,234.12590884849223,146.620026335333,322.59468705302027,2
2025-12-09,Home & Garden,Backtest,215.4291590525354,134.7566485096524,305.7791655027681,2
2025-12-10,Home & Garden,Backtest,234.36693025949333,147.9533714043756,324.58062558042644,2
2025-12-11,Home & Garden,Backtest,253.81970677212652,167.64180968196084,342.28339467475064,2
2025-12-12,Home & Garden,Backtest,311.36772969672995,222.6374716762352,398.5242821752912,2
2025-12-13,Home & Garden,Backtest,404.3246725380918,313.6982562925457,484.8881830403823,2
2025-12-14,Home & Garden,Backtest,398.3818055602468,308.20885501355355,484.7411807551776,2
2025-12-15,Home & Garden,Backtest,262.2794695559874,166.96402997347494,349.81505150218413,2
2025-12-16,Home & Garden,Backtest,242.5351110704472,161.61472708288628,336.3240092567918,2
2025-12-17,Home & Garden,Backtest,257.07970824430544,167.48596553777088,339.7174100153737,2
2025-12-18,Home & Garden,Backtest,269.5611719778452,185.0305373408621,353.377440933842,2
2025-12-19,Home & Garden,Backtest,320.8831326681208,234.72616274579715,412.935446276825,2
2025-12-20,Home & Garden,Backtest,412.3884865723933,324.2691059481221,493.44237849334974,2
2025-12-21,Home & Garden,Backtest,411.338815102047,325.8660984231747,502.2546482026414,2
2025-12-22,Home & Garden,Backtest,284.1225046559927,198.3721315025126,367.4668288001475,2
2025-12-23,Home & Garden,Backtest,272.5085775433096,182.52630595478288,357.7016775403805,2
2025-12-24,Home & Garden,Backtest,290.1028318617344,199.75015791270908,375.2432924369512,2
2025-12-25,Home & Garden,Backtest,287.9837059617116,199.7760267665254,372.8389865101814,2
2025-12-26,Home & Garden,Backtest,344.4951145209013,262.3819096515244,425.5432494888069,2
2025-12-27,Home & Garden,Backtest,429.25520596411167,343.3281011876954,519.0941901274027,2
2025-12-28,Home & Garden,Backtest,422.9244970269995,332.4058970874356,507.45096663094216,2
2025-12-29,Home & Garden,Backtest,291.9673592643765,207.473088887387,377.5812903160098,2
2025-12-30,Home & Garden,Backtest,278.0981697116683,196.71739810585345,360.8970367899324,2
2025-12-31,Home & Garden,Backtest,295.2733634914092,209.7240611108138,384.8735685384149,2
2026-01-01,Home & Garden,Forecast,406.5447669639761,316.85659757546995,499.0017417251918,1
2026-01-02,Home & Garden,Forecast,354.5076254912538,268.61131178945243,438.1399970794215,1
2026-01-03,Home & Garden,Forecast,435.9188018700646,351.497488135278,525.2648091508443,1
2026-01-04,Home & Garden,Forecast,428.11084196774095,336.9361049862951,522.8974790880932,1
2026-01-05,Home & Garden,Forecast,298.3128735652083,202.24815575058483,385.1203607044703,1
2026-01-06,Home & Garden,Forecast,271.2680063411108,185.8888131156706,356.8985599384408,1
2026-01-07,Home & Garden,Forecast,276.378091361897,193.79883335817263,368.9167052241665,1
2026-01-08,Home & Garden,Forecast,286.09352251761925,198.25713800962683,375.3061081271536,1
2026-01-09,Home & Garden,Forecast,344.3812585094737,254.5155443634468,429.9404772825018,1
2026-01-10,Home & Garden,Forecast,436.4458533779354,348.85296480274377,521.8778601601712,1
2026-01-11,Home & Garden,Forecast,436.9521034353263,344.5391293634203,526.9409395080255,1
2026-01-12,Home & Garden,Forecast,312.19266706500923,219.5178645068083,399.9684825181154,1
2026-01-13,Home & Garden,Forecast,288.8392625441947,199.50878248332333,377.5728480287855,1
2026-01-14,Home & Garden,Forecast,297.3859136971116,207.0781371144969,386.79925826144535,1
2026-01-15,Home & Garden,Forecast,308.9072622041086,227.06980300333856,394.3425422082057,1
2026-01-16,Home & Garden,Forecast,364.92767104584016,275.5921981068422,451.1131786259953,1
2026-01-17,Home & Garden,Forecast,450.3288944055056,366.28236363016674,534.0217876219032,1
2026-01-18,Home & Garden,Forecast,443.25439070268015,357.0888856779076,527.775069559782,1
2026-01-19,Home & Garden,Forecast,374.6256025796909,289.6545870144585,471.2389304997079,1
2026-01-20,Home & Garden,Forecast,297.08823337262834,210.3298362779025,387.0779135414542,1
2026-01-21,Home & Garden,Forecast,316.59432035004954,229.24122078391213,407.05149601019895,1
2026-01-22,Home & Garden,Forecast,339.3734158843743,252.6238700789852,432.55093214339786,1
2026-01-23,Home & Garden,Forecast,401.8223279666836,311.68200980756586,490.9875292435458,1
2026-01-24,Home & Garden,Forecast,487.6754788858972,396.5330742838326,574.1687831956662,1
2026-01-25,Home & Garden,Forecast,477.7465328973763,384.4202312884467,572.5286508301047,1
2026-01-26,Home & Garden,Forecast,347.29243724415096,259.0991992722079,432.3553095319044,1
2026-01-27,Home & Garden,Forecast,327.81499874670726,236.2496395557427,416.3358563475648,1
2026-01-28,Home & Garden,Forecast,346.60004978004605,261.58296195776893,442.3206092426096,1
2026-01-29,Home & Garden,Forecast,367.87885782688505,277.5128616589466,453.8000754733242,1
2026-01-30,Home & Garden,Forecast,429.0702811036506,335.8062069102586,514.4927649693932,1
2026-01-31,Home & Garden,Forecast,516.1973003424171,425.8434007825828,608.4973302784616,1
2026-02-01,Home & Garden,Forecast,510.6686803853898,424.6150594352783,594.0697019047674,1
2026-02-02,Home & Garden,Forecast,384.91534020296,301.6032071512409,471.26990785945503,1
2026-02-03,Home & Garden,Forecast,365.8465758623082,281.8235535016128,449.6455548598621,1
2026-02-04,Home & Garden,Forecast,377.8885916889429,288.4507907360584,463.14091101365625,1
2026-02-05,Home & Garden,Forecast,387.4615444170976,291.3081162817959,474.2387011246845,1
2026-02-06,Home & Garden,Forecast,438.25305872377896,350.24462240439027,528.4659845920563,1
2026-02-07,Home & Garden,Forecast,522.0849490603038,433.7967554531686,605.686377757027,1
2026-02-08,Home & Garden,Forecast,521.4871224532267,423.0157026689722,608.5437805010213,1
2026-02-09,Home & Garden,Forecast,405.123536958256,313.28724936269793,495.90540599012536,1
2026-02-10,Home & Garden,Forecast,394.86039112478863,303.37902783934754,486.4643877216526,1
2026-02-11,Home & Garden,Forecast,412.2858870532414,325.62725462656147,501.9887103901362,1
2026-02-12,Home & Garden,Forecast,424.5559607217624,339.60400039910786,514.2302043861664,1
2026-02-13,Home & Garden,Forecast,477.2883098880087,388.315579547887,571.0328280584434,1
2026-02-14,Home & Garden,Forecast,562.2932723341036,470.2995263317531,646.9098932551208,1
2026-02-15,Home & Garden,Forecast,559.743747764338,467.86811834855786,647.2080167195614,1
2026-02-16,Home & Garden,Forecast,462.4130623249813,366.760168958864,550.6194489960943,1
2026-02-17,Home & Garden,Forecast,416.4020517448922,325.414646888903,504.8535639379565,1
2026-02-18,Home & Garden,Forecast,425.9993053888097,343.13821072157026,510.26289055712624,1
2026-02-19,Home & Garden,Forecast,437.381672333471,343.6235583612488,524.8031422209807,1
2026-02-20,Home & Garden,Forecast,497.0058348809878,405.1519935938032,584.957848267528,1
2026-02-21,Home & Garden,Forecast,592.4832825502518,504.8218704989969,686.2878398667405,1
2026-02-22,Home & Garden,Forecast,597.8710396901218,507.2302029017647,693.320350901059,1
2026-02-23,Home & Garden,Forecast,476.6281991570887,387.3429418906431,562.4902782155065,1
2026-02-24,Home & Garden,Forecast,453.8611900874216,364.3194183368404,540.9115602277956,1
2026-02-25,Home & Garden,Forecast,459.7506015350973,373.2872803758456,547.5021808103718,1
2026-02-26,Home & Garden,Forecast,468.93424763305865,379.5142650623613,558.6020860260917,1
2026-02-27,Home & Garden,Forecast,527.723556657119,443.19173048517234,621.9262589448077,1
2026-02-28,Home & Garden,Forecast,622.1953802771668,534.3960071448341,718.1855196559685,1
2026-03-01,Home & Garden,Forecast,626.0975453154251,531.2052606296096,720.6240400581306,1
2026-03-02,Home & Garden,Forecast,504.7646811439664,414.5821019280581,592.609020211588,1
2026-03-03,Home & Garden,Forecast,485.38101091055466,398.9910667530218,578.675867213813,1
2026-03-04,Home & Garden,Forecast,497.02051467003895,409.7276928381104,584.543751058052,1
2026-03-05,Home & Garden,Forecast,510.01858094687054,421.2506862138118,601.2262572108834,1
2026-03-06,Home & Garden,Forecast,566.332099503661,484.7049236362784,656.8194555659194,1
2026-03-07,Home & Garden,Forecast,651.535378224058,563.3168299360029,743.4207166504152,1
2026-03-08,Home & Garden,Forecast,643.8619466302808,554.0406281725047,734.6722766490561,1
2026-03-09,Home & Garden,Forecast,515.2649776008301,432.4577885129136,608.0060607611413,1
2026-03-10,Home & Garden,Forecast,496.9842700072855,408.2822117242939,589.5858988876836,1
2026-03-11,Home & Garden,Forecast,516.4975397794028,428.0398880730174,607.3024566536569,1
2026-03-12,Home & Garden,Forecast,538.9992799563264,447.92048484494296,628.4629046364694,1
2026-03-13,Home & Garden,Forecast,602.0636728012802,509.0402499742486,684.7576024136935,1
2026-03-14,Home & Garden,Forecast,690.3602524658521,597.8005333695887,779.0055458460307,1
2026-03-15,Home & Garden,Forecast,683.7700021406162,585.9319401597337,773.6224071683616,1
2026-03-16,Home & Garden,Forecast,555.4373299216768,472.37506455198695,651.709609469305,1
2026-03-17,Home & Garden,Forecast,535.5209036577021,443.5556468184887,620.3413915269917,1
2026-03-18,Home & Garden,Forecast,548.993921377558,462.2258029608836,635.0287391604614,1
2026-03-19,Home & Garden,Forecast,560.7842963896393,472.34894193593743,655.2730394124679,1
2026-03-20,Home & Garden,Forecast,612.2138408341613,521.7611343176965,695.4102527248988,1
2026-03-21,Home & Garden,Forecast,693.5891107693369,605.8540238667018,786.911542875822,1
2026-03-22,Home & Garden,Forecast,687.9746889629299,599.9553070828488,773.5252165397482,1
2026-03-23,Home & Garden,Forecast,566.6579778166105,474.2938469167209,654.1056432804631,1
2026-03-24,Home & Garden,Forecast,554.3755823183544,461.6299684572624,641.770513492457,1
2026-03-25,Home & Garden,Forecast,570.8951229262194,480.3524078071846,657.9953369788883,1
2026-03-26,Home & Garden,Forecast,580.0365167243216,495.7498224533707,663.2299306216039,1
2026-03-27,Home & Garden,Forecast,626.0280160176665,537.8313084662178,718.2449981321769,1
2026-03-28,Home & Garden,Forecast,702.7462609900131,609.83197397572,789.5097436368502,1
2026-03-29,Home & Garden,Forecast,694.3974200454203,607.6666543071915,782.2805217719397,1
2026-03-30,Home & Garden,Forecast,571.0791877830341,487.5416962829072,656.0710416913911,1
2026-03-31,Home & Garden,Forecast,556.629143784911,468.81664366042526,648.5996805196905,1
2025-07-05,Sporting Goods,Actual,256.0,,,0
2025-07-06,Sporting Goods,Actual,237.0,,,0
2025-07-07,Sporting Goods,Actual,156.0,,,0
2025-07-08,Sporting Goods,Actual,163.0,,,0
2025-07-09,Sporting Goods,Actual,167.0,,,0
2025-07-10,Sporting Goods,Actual,198.0,,,0
2025-07-11,Sporting Goods,Actual,251.0,,,0
2025-07-12,Sporting Goods,Actual,246.0,,,0
2025-07-13,Sporting Goods,Actual,202.0,,,0
2025-07-14,Sporting Goods,Actual,156.0,,,0
2025-07-15,Sporting Goods,Actual,169.0,,,0
2025-07-16,Sporting Goods,Actual,163.0,,,0
2025-07-17,Sporting Goods,Actual,209.0,,,0
2025-07-18,Sporting Goods,Actual,196.0,,,0
2025-07-19,Sporting Goods,Actual,254.0,,,0
2025-07-20,Sporting Goods,Actual,259.0,,,0
2025-07-21,Sporting Goods,Actual,211.0,,,0
2025-07-22,Sporting Goods,Actual,166.0,,,0
2025-07-23,Sporting Goods,Actual,142.0,,,0
2025-07-24,Sporting Goods,Actual,169.0,,,0
2025-07-25,Sporting Goods,Actual,225.0,,,0
2025-07-26,Sporting Goods,Actual,213.0,,,0
2025-07-27,Sporting Goods,Actual,218.0,,,0
2025-07-28,Sporting Goods,Actual,248.0,,,0
2025-07-29,Sporting Goods,Actual,168.0,,,0
2025-07-30,Sporting Goods,Actual,159.0,,,0
2025-07-31,Sporting Goods,Actual,180.0,,,0
2025-08-01,Sporting Goods,Actual,182.0,,,0
2025-08-02,Sporting Goods,Actual,231.0,,,0
2025-08-03,Sporting Goods,Actual,259.0,,,0
2025-08-04,Sporting Goods,Actual,187.0,,,0
2025-08-05,Sporting Goods,Actual,193.0,,,0
2025-08-06,Sporting Goods,Actual,183.0,,,0
2025-08-07,Sporting Goods,Actual,202.0,,,0
2025-08-08,Sporting Goods,Actual,234.0,,,0
2025-08-09,Sporting Goods,Actual,267.0,,,0
2025-08-10,Sporting Goods,Actual,288.0,,,0
2025-08-11,Sporting Goods,Actual,206.0,,,0
2025-08-12,Sporting Goods,Actual,163.0,,,0
2025-08-13,Sporting Goods,Actual,168.0,,,0
2025-08-14,Sporting Goods,Actual,215.0,,,0
2025-08-15,Sporting Goods,Actual,235.0,,,0
2025-08-16,Sporting Goods,Actual,266.0,,,0
2025-08-17,Sporting Goods,Actual,448.0,,,0
2025-08-18,Sporting Goods,Actual,221.0,,,0
2025-08-19,Sporting Goods,Actual,212.0,,,0
2025-08-20,Sporting Goods,Actual,222.0,,,0
2025-08-21,Sporting Goods,Actual,206.0,,,0
2025-08-22,Sporting Goods,Actual,238.0,,,0
2025-08-23,Sporting Goods,Actual,323.0,,,0
2025-08-24,Sporting Goods,Actual,423.0,,,0
2025-08-25,Sporting Goods,Actual,260.0,,,0
2025-08-26,Sporting Goods,Actual,193.0,,,0
2025-08-27,Sporting Goods,Actual,235.0,,,0
2025-08-28,Sporting Goods,Actual,234.0,,,0
2025-08-29,Sporting Goods,Actual,249.0,,,0
2025-08-30,Sporting Goods,Actual,347.0,,,0
2025-08-31,Sporting Goods,Actual,282.0,,,0
2025-09-01,Sporting Goods,Actual,221.0,,,0
2025-09-02,Sporting Goods,Actual,256.0,,,0
2025-09-03,Sporting Goods,Actual,227.0,,,0
2025-09-04,Sporting Goods,Actual,332.0,,,0
2025-09-05,Sporting Goods,Actual,343.0,,,0
2025-09-06,Sporting Goods,Actual,297.0,,,0
2025-09-07,Sporting Goods,Actual,384.0,,,0
2025-09-08,Sporting Goods,Actual,232.0,,,0
2025-09-09,Sporting Goods,Actual,286.0,,,0
2025-09-10,Sporting Goods,Actual,191.0,,,0
2025-09-11,Sporting Goods,Actual,248.0,,,0
2025-09-12,Sporting Goods,Actual,331.0,,,0
2025-09-13,Sporting Goods,Actual,375.0,,,0
2025-09-14,Sporting Goods,Actual,340.0,,,0
2025-09-15,Sporting Goods,Actual,213.0,,,0
2025-09-16,Sporting Goods,Actual,235.0,,,0
2025-09-17,Sporting Goods,Actual,245.0,,,0
2025-09-18,Sporting Goods,Actual,266.0,,,0
2025-09-19,Sporting Goods,Actual,318.0,,,0
2025-09-20,Sporting Goods,Actual,371.0,,,0
2025-09-21,Sporting Goods,Actual,345.0,,,0
2025-09-22,Sporting Goods,Actual,260.0,,,0
2025-09-23,Sporting Goods,Actual,349.0,,,0
2025-09-24,Sporting Goods,Actual,269.0,,,0
2025-09-25,Sporting Goods,Actual,228.0,,,0
2025-09-26,Sporting Goods,Actual,297.0,,,0
2025-09-27,Sporting Goods,Actual,360.0,,,0
2025-09-28,Sporting Goods,Actual,395.0,,,0
2025-09-29,Sporting Goods,Actual,302.0,,,0
2025-09-30,Sporting Goods,Actual,272.0,,,0
2025-10-01,Sporting Goods,Actual,301.0,,,0
2025-10-02,Sporting Goods,Actual,333.0,,,0
2025-10-03,Sporting Goods,Actual,292.0,,,0
2025-10-04,Sporting Goods,Actual,424.0,,,0
2025-10-05,Sporting Goods,Actual,424.0,,,0
2025-10-06,Sporting Goods,Actual,316.0,,,0
2025-10-07,Sporting Goods,Actual,311.0,,,0
2025-10-08,Sporting Goods,Actual,309.0,,,0
2025-10-09,Sporting Goods,Actual,331.0,,,0
2025-10-10,Sporting Goods,Actual,335.0,,,0
2025-10-11,Sporting Goods,Actual,391.0,,,0
2025-10-12,Sporting Goods,Actual,377.0,,,0
2025-10-13,Sporting Goods,Actual,279.0,,,0
2025-10-14,Sporting Goods,Actual,316.0,,,0
2025-10-15,Sporting Goods,Actual,309.0,,,0
2025-10-16,Sporting Goods,Actual,325.0,,,0
2025-10-17,Sporting Goods,Actual,354.0,,,0
2025-10-18,Sporting Goods,Actual,447.0,,,0
2025-10-19,Sporting Goods,Actual,407.0,,,0
2025-10-20,Sporting Goods,Actual,301.0,,,0
2025-10-21,Sporting Goods,Actual,320.0,,,0
2025-10-22,Sporting Goods,Actual,381.0,,,0
2025-10-23,Sporting Goods,Actual,320.0,,,0
2025-10-24,Sporting Goods,Actual,318.0,,,0
2025-10-25,Sporting Goods,Actual,502.0,,,0
2025-10-26,Sporting Goods,Actual,456.0,,,0
2025-10-27,Sporting Goods,Actual,299.0,,,0
2025-10-28,Sporting Goods,Actual,341.0,,,0
2025-10-29,Sporting Goods,Actual,364.0,,,0
2025-10-30,Sporting Goods,Actual,394.0,,,0
2025-10-31,Sporting Goods,Actual,393.0,,,0
2025-11-01,Sporting Goods,Actual,539.0,,,0
2025-11-02,Sporting Goods,Actual,507.0,,,0
2025-11-03,Sporting Goods,Actual,373.0,,,0
2025-11-04,Sporting Goods,Actual,334.0,,,0
2025-11-05,Sporting Goods,Actual,373.0,,,0
2025-11-06,Sporting Goods,Actual,386.0,,,0
2025-11-07,Sporting Goods,Actual,421.0,,,0
2025-11-08,Sporting Goods,Actual,508.0,,,0
2025-11-09,Sporting Goods,Actual,483.0,,,0
2025-11-10,Sporting Goods,Actual,296.0,,,0
2025-11-11,Sporting Goods,Actual,314.0,,,0
2025-11-12,Sporting Goods,Actual,303.0,,,0
2025-11-13,Sporting Goods,Actual,371.0,,,0
2025-11-14,Sporting Goods,Actual,493.0,,,0
2025-11-15,Sporting Goods,Actual,594.0,,,0
2025-11-16,Sporting Goods,Actual,516.0,,,0
2025-11-17,Sporting Goods,Actual,325.0,,,0
2025-11-18,Sporting Goods,Actual,402.0,,,0
2025-11-19,Sporting Goods,Actual,396.0,,,0
2025-11-20,Sporting Goods,Actual,381.0,,,0
2025-11-21,Sporting Goods,Actual,449.0,,,0
2025-11-22,Sporting Goods,Actual,480.0,,,0
2025-11-23,Sporting Goods,Actual,539.0,,,0
2025-11-24,Sporting Goods,Actual,399.0,,,0
2025-11-25,Sporting Goods,Actual,313.0,,,0
2025-11-26,Sporting Goods,Actual,392.0,,,0
2025-11-27,Sporting Goods,Actual,440.0,,,0
2025-11-28,Sporting Goods,Actual,1367.0,,,0
2025-11-29,Sporting Goods,Actual,559.0,,,0
2025-11-30,Sporting Goods,Actual,560.0,,,0
2025-12-01,Sporting Goods,Actual,800.0,,,0
2025-12-02,Sporting Goods,Actual,406.0,,,0
2025-12-03,Sporting Goods,Actual,344.0,,,0
2025-12-04,Sporting Goods,Actual,457.0,,,0
2025-12-05,Sporting Goods,Actual,486.0,,,0
2025-12-06,Sporting Goods,Actual,619.0,,,0
2025-12-07,Sporting Goods,Actual,515.0,,,0
2025-12-08,Sporting Goods,Actual,426.0,,,0
2025-12-09,Sporting Goods,Actual,318.0,,,0
2025-12-10,Sporting Goods,Actual,426.0,,,0
2025-12-11,Sporting Goods,Actual,443.0,,,0
2025-12-12,Sporting Goods,Actual,488.0,,,0
2025-12-13,Sporting Goods,Actual,534.0,,,0
2025-12-14,Sporting Goods,Actual,538.0,,,0
2025-12-15,Sporting Goods,Actual,397.0,,,0
2025-12-16,Sporting Goods,Actual,354.0,,,0
2025-12-17,Sporting Goods,Actual,377.0,,,0
2025-12-18,Sporting Goods,Actual,429.0,,,0
2025-12-19,Sporting Goods,Actual,490.0,,,0
2025-12-20,Sporting Goods,Actual,816.0,,,0
2025-12-21,Sporting Goods,Actual,535.0,,,0
2025-12-22,Sporting Goods,Actual,397.0,,,0
2025-12-23,Sporting Goods,Actual,876.0,,,0
2025-12-24,Sporting Goods,Actual,775.0,,,0
2025-12-25,Sporting Goods,Actual,414.0,,,0
2025-12-26,Sporting Goods,Actual,539.0,,,0
2025-12-27,Sporting Goods,Actual,547.0,,,0
2025-12-28,Sporting Goods,Actual,554.0,,,0
2025-12-29,Sporting Goods,Actual,406.0,,,0
2025-12-30,Sporting Goods,Actual,392.0,,,0
2025-12-31,Sporting Goods,Actual,407.0,,,0
2025-10-03,Sporting Goods,Backtest,359.3426559801549,276.2344755681143,445.0165078515403,2
2025-10-04,Sporting Goods,Backtest,406.9627800919006,327.36826517950914,484.4594474185391,2
2025-10-05,Sporting Goods,Backtest,407.69250907005335,329.46478048190284,490.48363016007886,2
2025-10-06,Sporting Goods,Backtest,309.4535694518819,224.96788375067035,397.28616757667305,2
2025-10-07,Sporting Goods,Backtest,295.5157275121242,206.49881531731867,375.9545674558262,2
2025-10-08,Sporting Goods,Backtest,307.7879058653244,228.6725727908186,387.1361582119915,2
2025-10-09,Sporting Goods,Backtest,315.9198211517199,239.3990055384904,401.66932236436816,2
2025-10-10,Sporting Goods,Backtest,381.50846144466544,300.1162093761656,464.1759493687969,2
2025-10-11,Sporting Goods,Backtest,432.0328703138995,348.7601711327967,511.3150218149645,2
2025-10-12,Sporting Goods,Backtest,429.3616459620509,348.1950257026378,508.52591791708346,2
2025-10-13,Sporting Goods,Backtest,321.11038201867353,235.47730271796644,404.4971715490634,2
2025-10-14,Sporting Goods,Backtest,304.415180733572,218.5394806660078,385.75130695937816,2
2025-10-15,Sporting Goods,Backtest,316.75618147147446,233.9794484440244,398.9798112025732,2
2025-10-16,Sporting Goods,Backtest,328.6038568727187,244.9215266617637,411.4573750341554,2
2025-10-17,Sporting Goods,Backtest,396.1082389164108,320.27481953809854,475.2755439527832,2
2025-10-18,Sporting Goods,Backtest,442.79345156355566,360.01209196139735,522.6559420998585,2
2025-10-19,Sporting Goods,Backtest,432.1981375904979,354.31769594132163,509.75080967362345,2
2025-10-20,Sporting Goods,Backtest,320.71423439967924,240.87028342375896,399.034038711397,2
2025-10-21,Sporting Goods,Backtest,303.0103550444844,224.27325473495708,392.5356290953849,2
2025-10-22,Sporting Goods,Backtest,324.3338582815149,243.94050688223925,407.72142908024574,2
2025-10-23,Sporting Goods,Backtest,346.7967118662283,265.8523049882302,430.617480515142,2
2025-10-24,Sporting Goods,Backtest,420.0069602437159,339.62181343484053,506.3484970262944,2
2025-10-25,Sporting Goods,Backtest,464.7708085449679,381.2436513396972,547.3943888752555,2
2025-10-26,Sporting Goods,Backtest,447.0382444036543,362.582519010888,527.1859515987018,2
2025-10-27,Sporting Goods,Backtest,327.64596319608086,241.16652005870665,415.4743729831326,2
2025-10-28,Sporting Goods,Backtest,304.1292943569805,222.40637143168024,382.95153947336894,2
2025-10-29,Sporting Goods,Backtest,321.4532792265831,236.60562565892937,403.4797882876737,2
2025-10-30,Sporting Goods,Backtest,340.7144595656025,261.9346647316672,429.41245116966127,2
2025-10-31,Sporting Goods,Backtest,412.3071021181745,328.5708238125404,491.92469305683153,2
2025-11-01,Sporting Goods,Backtest,459.2101172696644,372.78837858844366,538.3656513036217,2
2025-11-02,Sporting Goods,Backtest,448.3706199928517,364.645590602248,533.8990792756001,2
2025-11-03,Sporting Goods,Backtest,338.1865263886857,258.44623750153056,415.4688747430692,2
2025-11-04,Sporting Goods,Backtest,321.6996746889692,244.4997515398908,401.7188236707243,2
2025-11-05,Sporting Goods,Backtest,340.73077926474144,262.8721213310619,418.38183237803815,2
2025-11-06,Sporting Goods,Backtest,357.89948031829937,275.02329995984667,436.897200802806,2
2025-11-07,Sporting Goods,Backtest,428.8326279219135,339.7335141570215,509.24338041594126,2
2025-11-08,Sporting Goods,Backtest,480.67775197706897,399.1260823883493,564.2721932346764,2
2025-11-09,Sporting Goods,Backtest,479.66812719245456,397.8572156201434,557.136136293559,2
2025-11-10,Sporting Goods,Backtest,378.9293995070344,287.68234911466465,459.5991281198565,2
2025-11-11,Sporting Goods,Backtest,365.1368292383335,280.0381287561847,449.2585564666853,2
2025-11-12,Sporting Goods,Backtest,383.69638041311873,298.92656410287304,468.57983301943045,2
2025-11-13,Sporting Goods,Backtest,397.5885916234751,317.2877280695333,480.7103493074197,2
2025-11-14,Sporting Goods,Backtest,469.1252876183388,390.405841339641,552.2205626245087,2
2025-11-15,Sporting Goods,Backtest,526.3313615782315,443.88612309456505,613.1982935925507,2
2025-11-16,Sporting Goods,Backtest,531.1078695811235,445.8632616058539,609.5165766080099,2
2025-11-17,Sporting Goods,Backtest,431.0380763165888,345.90291928287894,512.085521060153,2
2025-11-18,Sporting Goods,Backtest,413.0095729722891,324.37429661632945,494.74468110453785,2
2025-11-19,Sporting Goods,Backtest,422.6246594278948,338.3125559920792,504.5869071741597,2
2025-11-20,Sporting Goods,Backtest,433.4774023466372,356.6954311396047,511.5589741534898,2
2025-11-21,Sporting Goods,Backtest,509.49447011772594,422.614953826791,590.5023126924883,2
2025-11-22,Sporting Goods,Backtest,575.3537018339717,490.2386160260333,656.8530941266741,2
2025-11-23,Sporting Goods,Backtest,586.071770109172,504.84164202829,672.9944745652657,2
2025-11-24,Sporting Goods,Backtest,484.13736073921,400.14639918822985,572.5839735005343,2
2025-11-25,Sporting Goods,Backtest,456.760260921851,374.0254326292505,536.3230778617616,2
2025-11-26,Sporting Goods,Backtest,453.5828752568896,370.61035217010976,534.2467132271573,2
2025-11-27,Sporting Goods,Backtest,448.81590862802005,368.69598032739134,530.1295772152351,2
2025-11-28,Sporting Goods,Backtest,517.8806689399227,435.0210029895976,600.9699752650325,2
2025-11-29,Sporting Goods,Backtest,574.2895095952535,495.95924911611627,661.5811170784677,2
2025-11-30,Sporting Goods,Backtest,576.2229171739091,494.8649669291207,665.1706616984637,2
2025-12-01,Sporting Goods,Backtest,467.9612513621656,380.0307565249041,555.5527735048705,2
2025-12-02,Sporting Goods,Backtest,439.0761007676697,355.5097837544007,520.4757464438578,2
2025-12-03,Sporting Goods,Backtest,438.6918262107008,358.6400007103244,525.142120451718,2
2025-12-04,Sporting Goods,Backtest,440.5713013130692,359.68249833708563,521.6732193454494,2
2025-12-05,Sporting Goods,Backtest,505.6475428024679,423.392116156169,590.163725914352,2
2025-12-06,Sporting Goods,Backtest,556.7309628020457,481.0923052186956,640.5797039081295,2
2025-12-07,Sporting Goods,Backtest,552.4405344809302,470.6941015941803,637.584667801931,2
2025-12-08,Sporting Goods,Backtest,442.4587340005924,359.22737170574607,526.6067101731359,2
2025-12-09,Sporting Goods,Backtest,418.6819568638796,341.95007169043635,504.6189905947279,2
2025-12-10,Sporting Goods,Backtest,426.87899511255966,344.68437914502664,512.6868968014409,2
2025-12-11,Sporting Goods,Backtest,434.8722686875131,352.9045373252006,519.0152337572223,2
2025-12-12,Sporting Goods,Backtest,500.4238516556836,416.02707920694377,583.3239746610445,2
2025-12-13,Sporting Goods,Backtest,548.5849710453041,462.3864187082415,625.2118310233773,2
2025-12-14,Sporting Goods,Backtest,543.5307476384736,457.7616942737358,625.6725702599252,2
2025-12-15,Sporting Goods,Backtest,438.41473103265656,347.75464976445267,521.6750555941034,2
2025-12-16,Sporting Goods,Backtest,423.3518398455338,346.3834559045448,512.561093792651,2
2025-12-17,Sporting Goods,Backtest,438.3436535202919,353.12543795660935,516.9405096839486,2
2025-12-18,Sporting Goods,Backtest,447.114186990975,366.7118139665016,526.8370445451462,2
2025-12-19,Sporting Goods,Backtest,509.0635873438811,427.11658004232913,596.6201309226013,2
2025-12-20,Sporting Goods,Backtest,555.2454038724223,471.428673438071,632.3377890525568,2
2025-12-21,Sporting Goods,Backtest,555.0565479010296,473.7581648130969,641.5323795622127,2
2025-12-22,Sporting Goods,Backtest,461.3153726329727,379.7537090615298,540.5894617958022,2
2025-12-23,Sporting Goods,Backtest,458.5304528662597,372.9426324854235,539.5624092713659,2
2025-12-24,Sporting Goods,Backtest,479.9120844476173,393.9705685602309,560.8953975969043,2
2025-12-25,Sporting Goods,Backtest,482.5228300586721,398.6227592781272,563.2327482391245,2
2025-12-26,Sporting Goods,Backtest,540.0162106156976,461.9132228258973,617.1061244628517,2
2025-12-27,Sporting Goods,Backtest,576.1645995948276,494.4389334534332,661.6160908332954,2
2025-12-28,Sporting Goods,Backtest,566.9664711540761,480.8688918232046,647.3644952534748,2
2025-12-29,Sporting Goods,Backtest,465.0181217869378,384.6503745646282,546.4543113282598,2
2025-12-30,Sporting Goods,Backtest,454.1100230112218,376.7008380089499,532.8666605857746,2
2025-12-31,Sporting Goods,Backtest,468.22589454072215,386.8559524899927,553.449234879769,2
2026-01-01,Sporting Goods,Forecast,479.2687897000601,390.24055431787775,571.0454573239716,1
2026-01-02,Sporting Goods,Forecast,530.9972992306866,445.7330187035632,614.0142959436971,1
2026-01-03,Sporting Goods,Forecast,569.1322492760476,485.332115527116,657.8208402115517,1
2026-01-04,Sporting Goods,Forecast,557.3201801049132,466.8163154342963,651.4093682126779,1
2026-01-05,Sporting Goods,Forecast,450.3862524240566,355.0283878602688,536.5550018885807,1
2026-01-06,Sporting Goods,Forecast,431.1659637704886,346.4149986985063,516.1664396810456,1
2026-01-07,Sporting Goods,Forecast,436.1994056605911,354.22777362298024,528.0571111451927,1
2026-01-08,Sporting Goods,Forecast,435.2539701189054,348.0638940094963,523.8101211124005,1
2026-01-09,Sporting Goods,Forecast,496.6993864639051,407.49491347170925,581.6290533943918,1
2026-01-10,Sporting Goods,Forecast,538.5564344970759,451.6080626544368,623.3598245187235,1
2026-01-11,Sporting Goods,Forecast,525.5908725115027,433.8578818156804,614.917563549213,1
2026-01-12,Sporting Goods,Forecast,413.8539810643032,321.8610861728216,500.9839330535323,1
2026-01-13,Sporting Goods,Forecast,391.4873544040052,302.8141764376612,479.568029800637,1
2026-01-14,Sporting Goods,Forecast,399.1837638372096,309.54048003223585,487.9391965821868,1
2026-01-15,Sporting Goods,Forecast,405.9909745424243,324.75572250956856,490.79761370125823,1
2026-01-16,Sporting Goods,Forecast,475.2695579001049,386.5914237937024,560.8209015318896,1
2026-01-17,Sporting Goods,Forecast,520.1534412679636,436.7253327901289,603.2303886554129,1
2026-01-18,Sporting Goods,Forecast,505.411542157669,419.8800596794388,589.3103106721305,1
2026-01-19,Sporting Goods,Forecast,391.67035383069697,307.32456472012063,487.5727927282354,1
2026-01-20,Sporting Goods,Forecast,374.446973834225,288.32695320506105,463.7745014519785,1
2026-01-21,Sporting Goods,Forecast,394.241556538736,307.53123866505746,484.0331402177762,1
2026-01-22,Sporting Goods,Forecast,416.1077179655141,329.9964791599924,508.59963710655467,1
2026-01-23,Sporting Goods,Forecast,496.8126820906456,407.3356248911352,585.3217981085932,1
2026-01-24,Sporting Goods,Forecast,545.5689783943709,455.0972081984394,631.4258568162832,1
2026-01-25,Sporting Goods,Forecast,528.312981841509,435.67332344901087,622.397683021644,1
2026-01-26,Sporting Goods,Forecast,410.23189703048274,322.68759632257456,494.668909348452,1
2026-01-27,Sporting Goods,Forecast,388.725917450272,297.8342986287806,476.5954308872377,1
2026-01-28,Sporting Goods,Forecast,405.8080747816689,321.41654865986385,500.8242887726097,1
2026-01-29,Sporting Goods,Forecast,424.6241708431788,334.9230961949139,509.9131705601106,1
2026-01-30,Sporting Goods,Forecast,501.78631086375583,409.2084818648943,586.5803968386956,1
2026-01-31,Sporting Goods,Forecast,548.1884043052777,458.4993992386868,639.8093410548854,1
2026-02-01,Sporting Goods,Forecast,531.4863930779588,446.0659521382197,614.2738233250484,1
2026-02-02,Sporting Goods,Forecast,416.0136226170146,333.314508095109,501.7327852230281,1
2026-02-03,Sporting Goods,Forecast,395.9331373562088,312.52836431588605,479.115518082762,1
2026-02-04,Sporting Goods,Forecast,410.0923588309102,321.31264955882386,494.7173054475178,1
2026-02-05,Sporting Goods,Forecast,422.0562881082417,326.6103668612075,508.1949621686323,1
2026-02-06,Sporting Goods,Forecast,492.634726893982,405.2738880506836,582.183863278792,1
2026-02-07,Sporting Goods,Forecast,536.9388584777664,449.30030179127954,619.9251632778758,1
2026-02-08,Sporting Goods,Forecast,523.038118802988,425.2912547024597,609.4542057530075,1
2026-02-09,Sporting Goods,Forecast,411.1457309269335,319.9851850628131,501.259755965426,1
2026-02-10,Sporting Goods,Forecast,390.5906150857197,299.7823802963616,481.52058083903313,1
2026-02-11,Sporting Goods,Forecast,398.8139513119408,312.79303113052714,487.8567302047414,1
2026-02-12,Sporting Goods,Forecast,403.0517901266154,318.72491059715907,492.0661998406542,1
2026-02-13,Sporting Goods,Forecast,469.6052288365508,381.2871524859007,562.659961695589,1
2026-02-14,Sporting Goods,Forecast,515.6233903553436,424.3065430094156,599.6173942018156,1
2026-02-15,Sporting Goods,Forecast,505.9440816414861,414.74448176914814,592.764791966823,1
2026-02-16,Sporting Goods,Forecast,396.26859772087937,301.3195669016379,483.8259521793936,1
2026-02-17,Sporting Goods,Forecast,370.1771507287184,279.8592292431376,457.9778231743786,1
2026-02-18,Sporting Goods,Forecast,371.3417482116338,289.0903602152431,454.9853139757584,1
2026-02-19,Sporting Goods,Forecast,372.14120830747663,279.07300610034355,458.9195436918176,1
2026-02-20,Sporting Goods,Forecast,443.0696025269817,351.8915927184236,530.3744464660824,1
2026-02-21,Sporting Goods,Forecast,499.53652201637215,412.5201115214485,592.6510835377587,1
2026-02-22,Sporting Goods,Forecast,500.2086182395497,410.2347329374752,594.955540453891,1
2026-02-23,Sporting Goods,Forecast,393.9133560815842,305.2850676942426,479.1436950247002,1
2026-02-24,Sporting Goods,Forecast,366.4771927106463,277.5942780565761,452.88692718977467,1
2026-02-25,Sporting Goods,Forecast,361.422485708945,275.5953622801407,448.5283805905341,1
2026-02-26,Sporting Goods,Forecast,356.31726649267875,267.555250365762,445.32531624369153,1
2026-02-27,Sporting Goods,Forecast,423.4074304679508,339.49737137456555,516.9171646746245,1
2026-02-28,Sporting Goods,Forecast,477.0532651098263,389.8999374009767,572.3370072433911,1
2026-03-01,Sporting Goods,Forecast,474.779128727164,380.5850704186833,568.6100607377278,1
2026-03-02,Sporting Goods,Forecast,366.216326590039,276.69732048267923,453.4143341793888,1
2026-03-03,Sporting Goods,Forecast,339.4860889445084,253.73197708480623,432.0945242380766,1
2026-03-04,Sporting Goods,Forecast,338.6888163516134,252.0379316948192,425.5677953582328,1
2026-03-05,Sporting Goods,Forecast,338.94999528610884,250.83525508048405,429.4865101839063,1
2026-03-06,Sporting Goods,Forecast,408.7468977319696,327.72021805632784,498.5684488318721,1
2026-03-07,Sporting Goods,Forecast,460.6687101492028,373.0991978140104,551.8779159847027,1
2026-03-08,Sporting Goods,Forecast,454.66448634055473,365.50436455261166,544.8065721999498,1
2026-03-09,Sporting Goods,Forecast,345.040326722772,262.8426494232111,437.0988863139523,1
2026-03-10,Sporting Goods,Forecast,322.773628050682,234.7239355212576,414.69389830932926,1
2026-03-11,Sporting Goods,Forecast,329.77185037177185,241.9654004298792,419.9085574184331,1
2026-03-12,Sporting Goods,Forecast,335.8375643193432,245.42895205490208,424.6429291478659,1
2026-03-13,Sporting Goods,Forecast,405.7682795100741,313.42963649659794,487.8533957215915,1
2026-03-14,Sporting Goods,Forecast,453.3207963416338,361.4421478609047,541.3138404359609,1
2026-03-15,Sporting Goods,Forecast,443.56130270231085,346.44324463310073,532.7525063111297,1
2026-03-16,Sporting Goods,Forecast,335.02660133154563,252.5755205549528,430.5905672341515,1
2026-03-17,Sporting Goods,Forecast,318.2409956168804,226.95241767784,402.4362050099994,1
2026-03-18,Sporting Goods,Forecast,329.9902850937065,243.8605977464654,415.3920504813922,1
2026-03-19,Sporting Goods,Forecast,335.2858743809832,247.50166999892815,429.0793354886696,1
2026-03-20,Sporting Goods,Forecast,399.13490958543,309.34760261040645,481.7186636909923,1
2026-03-21,Sporting Goods,Forecast,440.4659027005854,353.37638351010224,533.1016850496363,1
2026-03-22,Sporting Goods,Forecast,430.23819705480855,342.8666966311493,515.1592354996197,1
2026-03-23,Sporting Goods,Forecast,328.3929368104337,236.70842240286495,415.1970188748225,1
2026-03-24,Sporting Goods,Forecast,321.3125225316349,229.2490250247868,408.0645925454522,1
2026-03-25,Sporting Goods,Forecast,339.1379037375919,249.261350796624,425.5969589428297,1
2026-03-26,Sporting Goods,Forecast,343.1158595167089,259.44935098205605,425.6971284309092,1
2026-03-27,Sporting Goods,Forecast,399.6660101346739,312.11903594527337,491.2044804614434,1
2026-03-28,Sporting Goods,Forecast,431.9149153624452,339.68435196830205,518.0399227559939,1
2026-03-29,Sporting Goods,Forecast,414.0376618843332,327.9450692975401,501.2750271140787,1
2026-03-30,Sporting Goods,Forecast,306.169087452328,223.24561378416,390.5359050513491,1
2026-03-31,Sporting Goods,Forecast,293.5495898695366,206.38349742374112,384.8435888503399,1
2025-07-05,Toys,Actual,56.0,,,0
2025-07-06,Toys,Actual,43.0,,,0
2025-07-07,Toys,Actual,29.0,,,0
2025-07-08,Toys,Actual,35.0,,,0
2025-07-09,Toys,Actual,32.0,,,0
2025-07-10,Toys,Actual,44.0,,,0
2025-07-11,Toys,Actual,53.0,,,0
2025-07-12,Toys,Actual,50.0,,,0
2025-07-13,Toys,Actual,52.0,,,0
2025-07-14,Toys,Actual,82.0,,,0
2025-07-15,Toys,Actual,37.0,,,0
2025-07-16,Toys,Actual,87.0,,,0
2025-07-17,Toys,Actual,54.0,,,0
2025-07-18,Toys,Actual,60.0,,,0
2025-07-19,Toys,Actual,84.0,,,0
2025-07-20,Toys,Actual,69.0,,,0
2025-07-21,Toys,Actual,60.0,,,0
2025-07-22,Toys,Actual,58.0,,,0
2025-07-23,Toys,Actual,53.0,,,0
2025-07-24,Toys,Actual,97.0,,,0
2025-07-25,Toys,Actual,65.0,,,0
2025-07-26,Toys,Actual,99.0,,,0
2025-07-27,Toys,Actual,109.0,,,0
2025-07-28,Toys,Actual,52.0,,,0
2025-07-29,Toys,Actual,82.0,,,0
2025-07-30,Toys,Actual,68.0,,,0
2025-07-31,Toys,Actual,65.0,,,0
2025-08-01,Toys,Actual,81.0,,,0
2025-08-02,Toys,Actual,110.0,,,0
2025-08-03,Toys,Actual,125.0,,,0
2025-08-04,Toys,Actual,88.0,,,0
2025-08-05,Toys,Actual,103.0,,,0
2025-08-06,Toys,Actual,97.0,,,0
2025-08-07,Toys,Actual,91.0,,,0
2025-08-08,Toys,Actual,111.0,,,0
2025-08-09,Toys,Actual,166.0,,,0
2025-08-10,Toys,Actual,113.0,,,0
2025-08-11,Toys,Actual,111.0,,,0
2025-08-12,Toys,Actual,93.0,,,0
2025-08-13,Toys,Actual,99.0,,,0
2025-08-14,Toys,Actual,119.0,,,0
2025-08-15,Toys,Actual,126.0,,,0
2025-08-16,Toys,Actual,176.0,,,0
2025-08-17,Toys,Actual,296.0,,,0
2025-08-18,Toys,Actual,95.0,,,0
2025-08-19,Toys,Actual,124.0,,,0
2025-08-20,Toys,Actual,95.0,,,0
2025-08-21,Toys,Actual,128.0,,,0
2025-08-22,Toys,Actual,151.0,,,0
2025-08-23,Toys,Actual,206.0,,,0
2025-08-24,Toys,Actual,281.0,,,0
2025-08-25,Toys,Actual,133.0,,,0
2025-08-26,Toys,Actual,127.0,,,0
2025-08-27,Toys,Actual,136.0,,,0
2025-08-28,Toys,Actual,130.0,,,0
2025-08-29,Toys,Actual,143.0,,,0
2025-08-30,Toys,Actual,241.0,,,0
2025-08-31,Toys,Actual,219.0,,,0
2025-09-01,Toys,Actual,150.0,,,0
2025-09-02,Toys,Actual,142.0,,,0
2025-09-03,Toys,Actual,178.0,,,0
2025-09-04,Toys,Actual,180.0,,,0
2025-09-05,Toys,Actual,169.0,,,0
2025-09-06,Toys,Actual,264.0,,,0
2025-09-07,Toys,Actual,240.0,,,0
2025-09-08,Toys,Actual,182.0,,,0
2025-09-09,Toys,Actual,339.0,,,0
2025-09-10,Toys,Actual,201.0,,,0
2025-09-11,Toys,Actual,152.0,,,0
2025-09-12,Toys,Actual,192.0,,,0
2025-09-13,Toys,Actual,331.0,,,0
2025-09-14,Toys,Actual,314.0,,,0
2025-09-15,Toys,Actual,196.0,,,0
2025-09-16,Toys,Actual,194.0,,,0
2025-09-17,Toys,Actual,202.0,,,0
2025-09-18,Toys,Actual,211.0,,,0
2025-09-19,Toys,Actual,243.0,,,0
2025-09-20,Toys,Actual,350.0,,,0
2025-09-21,Toys,Actual,305.0,,,0
2025-09-22,Toys,Actual,192.0,,,0
2025-09-23,Toys,Actual,196.0,,,0
2025-09-24,Toys,Actual,196.0,,,0
2025-09-25,Toys,Actual,221.0,,,0
2025-09-26,Toys,Actual,302.0,,,0
2025-09-27,Toys,Actual,329.0,,,0
2025-09-28,Toys,Actual,277.0,,,0
2025-09-29,Toys,Actual,216.0,,,0
2025-09-30,Toys,Actual,215.0,,,0
2025-10-01,Toys,Actual,249.0,,,0
2025-10-02,Toys,Actual,305.0,,,0
2025-10-03,Toys,Actual,321.0,,,0
2025-10-04,Toys,Actual,388.0,,,0
2025-10-05,Toys,Actual,406.0,,,0
2025-10-06,Toys,Actual,393.0,,,0
2025-10-07,Toys,Actual,249.0,,,0
2025-10-08,Toys,Actual,252.0,,,0
2025-10-09,Toys,Actual,270.0,,,0
2025-10-10,Toys,Actual,286.0,,,0
2025-10-11,Toys,Actual,432.0,,,0
2025-10-12,Toys,Actual,635.0,,,0
2025-10-13,Toys,Actual,283.0,,,0
2025-10-14,Toys,Actual,248.0,,,0
2025-10-15,Toys,Actual,234.0,,,0
2025-10-16,Toys,Actual,271.0,,,0
2025-10-17,Toys,Actual,343.0,,,0
2025-10-18,Toys,Actual,454.0,,,0
2025-10-19,Toys,Actual,487.0,,,0
2025-10-20,Toys,Actual,262.0,,,0
2025-10-21,Toys,Actual,281.0,,,0
2025-10-22,Toys,Actual,303.0,,,0
2025-10-23,Toys,Actual,280.0,,,0
2025-10-24,Toys,Actual,369.0,,,0
2025-10-25,Toys,Actual,576.0,,,0
2025-10-26,Toys,Actual,444.0,,,0
2025-10-27,Toys,Actual,289.0,,,0
2025-10-28,Toys,Actual,242.0,,,0
2025-10-29,Toys,Actual,331.0,,,0
2025-10-30,Toys,Actual,346.0,,,0
2025-10-31,Toys,Actual,331.0,,,0
2025-11-01,Toys,Actual,546.0,,,0
2025-11-02,Toys,Actual,708.0,,,0
2025-11-03,Toys,Actual,346.0,,,0
2025-11-04,Toys,Actual,286.0,,,0
2025-11-05,Toys,Actual,275.0,,,0
2025-11-06,Toys,Actual,356.0,,,0
2025-11-07,Toys,Actual,383.0,,,0
2025-11-08,Toys,Actual,531.0,,,0
2025-11-09,Toys,Actual,474.0,,,0
2025-11-10,Toys,Actual,341.0,,,0
2025-11-11,Toys,Actual,292.0,,,0
2025-11-12,Toys,Actual,283.0,,,0
2025-11-13,Toys,Actual,348.0,,,0
2025-11-14,Toys,Actual,403.0,,,0
2025-11-15,Toys,Actual,482.0,,,0
2025-11-16,Toys,Actual,449.0,,,0
2025-11-17,Toys,Actual,320.0,,,0
2025-11-18,Toys,Actual,321.0,,,0
2025-11-19,Toys,Actual,301.0,,,0
2025-11-20,Toys,Actual,316.0,,,0
2025-11-21,Toys,Actual,340.0,,,0
2025-11-22,Toys,Actual,491.0,,,0
2025-11-23,Toys,Actual,486.0,,,0
2025-11-24,Toys,Actual,385.0,,,0
2025-11-25,Toys,Actual,326.0,,,0
2025-11-26,Toys,Actual,330.0,,,0
2025-11-27,Toys,Actual,356.0,,,0
2025-11-28,Toys,Actual,1336.0,,,0
2025-11-29,Toys,Actual,538.0,,,0
2025-11-30,Toys,Actual,491.0,,,0
2025-12-01,Toys,Actual,675.0,,,0
2025-12-02,Toys,Actual,381.0,,,0
2025-12-03,Toys,Actual,378.0,,,0
2025-12-04,Toys,Actual,356.0,,,0
2025-12-05,Toys,Actual,745.0,,,0
2025-12-06,Toys,Actual,616.0,,,0
2025-12-07,Toys,Actual,478.0,,,0
2025-12-08,Toys,Actual,335.0,,,0
2025-12-09,Toys,Actual,336.0,,,0
2025-12-10,Toys,Actual,372.0,,,0
2025-12-11,Toys,Actual,399.0,,,0
2025-12-12,Toys,Actual,467.0,,,0
2025-12-13,Toys,Actual,538.0,,,0
2025-12-14,Toys,Actual,535.0,,,0
2025-12-15,Toys,Actual,316.0,,,0
2025-12-16,Toys,Actual,379.0,,,0
2025-12-17,Toys,Actual,394.0,,,0
2025-12-18,Toys,Actual,379.0,,,0
2025-12-19,Toys,Actual,487.0,,,0
2025-12-20,Toys,Actual,520.0,,,0
2025-12-21,Toys,Actual,472.0,,,0
2025-12-22,Toys,Actual,360.0,,,0
2025-12-23,Toys,Actual,663.0,,,0
2025-12-24,Toys,Actual,570.0,,,0
2025-12-25,Toys,Actual,374.0,,,0
2025-12-26,Toys,Actual,378.0,,,0
2025-12-27,Toys,Actual,542.0,,,0
2025-12-28,Toys,Actual,554.0,,,0
2025-12-29,Toys,Actual,379.0,,,0
2025-12-30,Toys,Actual,319.0,,,0
2025-12-31,Toys,Actual,270.0,,,0
2025-10-03,Toys,Backtest,325.7292312464328,239.74859838085888,414.36421239283663,2
2025-10-04,Toys,Backtest,397.57834066717714,315.23281546296647,477.7535107729573,2
2025-10-05,Toys,Backtest,374.9734368857294,294.0419379851583,460.6260519674025,2
2025-10-06,Toys,Backtest,288.3605759791969,200.95482736747877,379.2289157209132,2
2025-10-07,Toys,Backtest,280.2839203871603,188.19033335033305,363.50295287039467,2
2025-10-08,Toys,Backtest,282.4929294916546,200.643147997327,364.58368060326575,2
2025-10-09,Toys,Backtest,298.6113190192043,219.4457288065932,387.3245639456633,2
2025-10-10,Toys,Backtest,342.2451372573058,258.03974004480654,427.7698460631582,2
2025-10-11,Toys,Backtest,414.3529203914072,328.2020828603372,496.3752864495132,2
2025-10-12,Toys,Backtest,391.8320425562322,307.8600756227223,473.73245439643625,2
2025-10-13,Toys,Backtest,302.74109593587224,214.14829657486055,389.00996777211526,2
2025-10-14,Toys,Backtest,295.5006865188571,206.65687995598208,379.6480177681902,2
2025-10-15,Toys,Backtest,294.48979572373514,208.85206599654595,379.5553053490698,2
2025-10-16,Toys,Backtest,304.77185951495306,218.19723247951612,390.4890282863146,2
2025-10-17,Toys,Backtest,340.8360457288915,262.38162797402885,422.73959548225696,2
2025-10-18,Toys,Backtest,406.3275282078793,320.6850119985479,488.95028980394096,2
2025-10-19,Toys,Backtest,381.23671378846245,300.6645050402075,461.46978182799353,2
2025-10-20,Toys,Backtest,297.28767375626825,214.68409347550408,378.3144309752493,2
2025-10-21,Toys,Backtest,295.41634660103057,213.95787114525285,388.0358661799166,2
2025-10-22,Toys,Backtest,303.0752773245164,219.9033055977385,389.344957094319,2
2025-10-23,Toys,Backtest,320.1110875787932,236.3690256759621,406.82893790694754,2
2025-10-24,Toys,Backtest,359.68098846817657,276.5174980910956,449.0067367655407,2
2025-10-25,Toys,Backtest,425.8519030419911,339.43781236685726,511.33118696891137,2
2025-10-26,Toys,Backtest,399.3989851193589,312.0242323286081,482.3168224873457,2
2025-10-27,Toys,Backtest,312.21715371106467,222.74872321877135,403.0811601151357,2
2025-10-28,Toys,Backtest,305.02569157220694,220.47819554232052,386.5722676651458,2
2025-10-29,Toys,Backtest,305.7785059996341,217.9982767637224,390.64008213517207,2
2025-10-30,Toys,Backtest,316.4928034935804,234.9901566768125,408.2564353222673,2
2025-10-31,Toys,Backtest,353.2984815555348,266.66804196666413,435.6678797616257,2
2025-11-01,Toys,Backtest,421.98753990868346,332.578822633538,503.8789666157757,2
2025-11-02,Toys,Backtest,402.2366025880089,315.6178196495147,490.72118404063673,2
2025-11-03,Toys,Backtest,322.6247050341704,240.12836502215865,402.5781676000025,2
2025-11-04,Toys,Backtest,320.5423644315098,240.67419481664757,403.3272002527879,2
2025-11-05,Toys,Backtest,322.6814014969121,242.1317293706272,403.0162942198264,2
2025-11-06,Toys,Backtest,332.53701307752954,246.7963988096016,414.2650897877008,2
2025-11-07,Toys,Backtest,368.9590077063313,276.78037833242,452.1489943824116,2
2025-11-08,Toys,Backtest,439.6175691283315,355.2472547034581,526.1012715934296,2
2025-11-09,Toys,Backtest,424.1779837820932,339.5394583307395,504.32351268364937,2
2025-11-10,Toys,Backtest,350.07073443948383,255.669927747458,433.5286375247398,2
2025-11-11,Toys,Backtest,353.79056565730554,265.7506152771241,440.8198198390891,2
2025-11-12,Toys,Backtest,360.9172398982096,273.2175403245029,448.734503357972,2
2025-11-13,Toys,Backtest,375.03685897351016,291.9605953596296,461.0315374960337,2
2025-11-14,Toys,Backtest,413.9366880511912,332.496474861344,499.9039685276093,2
2025-11-15,Toys,Backtest,484.2026026489497,398.9078187517509,574.0718984754626,2
2025-11-16,Toys,Backtest,465.33128096305296,377.14037958904623,546.4500134261974,2
2025-11-17,Toys,Backtest,386.54758734786606,298.4699198477859,470.3962628890097,2
2025-11-18,Toys,Backtest,387.3645566665436,295.6658082456088,471.9246596049367,2
2025-11-19,Toys,Backtest,396.3847470502848,309.1585764493542,481.1798387516062,2
2025-11-20,Toys,Backtest,416.8239012100488,337.3881315978133,497.6041917399001,2
2025-11-21,Toys,Backtest,464.18172411775055,374.2994199443143,547.9894749390564,2
2025-11-22,Toys,Backtest,541.5897719757342,453.5329521687292,625.906008326487,2
2025-11-23,Toys,Backtest,526.1404531886892,442.10277670267686,616.0675295143454,2
2025-11-24,Toys,Backtest,446.7463993213032,359.8524875176823,538.2499576264519,2
2025-11-25,Toys,Backtest,443.86096059521327,358.2665837936194,526.1737060463686,2
2025-11-26,Toys,Backtest,446.6679336816933,360.8276469440568,530.1197020580216,2
2025-11-27,Toys,Backtest,454.8393028692777,371.95020194474495,538.9634005343661,2
2025-11-28,Toys,Backtest,494.15840067594826,408.434873862561,580.1195377827642,2
2025-11-29,Toys,Backtest,558.9463171683195,477.90865660646193,649.2550381985026,2
2025-11-30,Toys,Backtest,532.5234770428248,448.3535702544201,624.5454789882886,2
2025-12-01,Toys,Backtest,446.53646074425416,355.56684070435387,537.1553849587663,2
2025-12-02,Toys,Backtest,442.04775134777793,355.5931477519047,526.2608084642742,2
2025-12-03,Toys,Backtest,445.9246961356086,363.1061069764895,535.3629718510986,2
2025-12-04,Toys,Backtest,457.6555142528932,373.9708520896929,541.5604645633042,2
2025-12-05,Toys,Backtest,490.368548110086,405.27013980789616,577.8058295370886,2
2025-12-06,Toys,Backtest,548.9376613258914,470.68467638324944,635.68445323146,2
2025-12-07,Toys,Backtest,515.6631256128053,431.0912810715951,603.7500702787644,2
2025-12-08,Toys,Backtest,424.8158887965698,338.70788442567346,511.87224292604833,2
2025-12-09,Toys,Backtest,418.59274937274233,339.2088515486871,507.4999730241493,2
2025-12-10,Toys,Backtest,423.18082495585486,338.14523839426727,511.9544929180816,2
2025-12-11,Toys,Backtest,436.82861955290576,352.02794728899374,523.8797793904384,2
2025-12-12,Toys,Backtest,471.8623576461975,384.5486007203471,557.6277491624978,2
2025-12-13,Toys,Backtest,532.7874475551705,443.6097276709439,612.062638084693,2
2025-12-14,Toys,Backtest,501.224170143558,412.4906991288812,586.2050482400059,2
2025-12-15,Toys,Backtest,410.3548812662583,316.5613554981937,496.4929036129013,2
2025-12-16,Toys,Backtest,401.6745940087311,322.0459674746034,493.9672257458138,2
2025-12-17,Toys,Backtest,402.1030138047291,313.93941414312235,483.4160664692966,2
2025-12-18,Toys,Backtest,412.4766975994362,329.2953900151316,494.9550013012301,2
2025-12-19,Toys,Backtest,448.1935928660079,363.4144043903365,538.7763289577462,2
2025-12-20,Toys,Backtest,515.2035265501787,428.4898067992617,594.9602859294479,2
2025-12-21,Toys,Backtest,493.72544955875065,409.6171670098812,583.1901363069254,2
2025-12-22,Toys,Backtest,413.63741692730486,329.2568059715915,495.651449598356,2
2025-12-23,Toys,Backtest,413.30742967553033,324.76144731844977,497.14004619534745,2
2025-12-24,Toys,Backtest,418.2043541052224,329.29236249476986,501.9867385466747,2
2025-12-25,Toys,Backtest,426.8024267936406,340.0025159771745,510.301827828578,2
2025-12-26,Toys,Backtest,463.5276243749401,382.7251764581615,543.2819824570066,2
2025-12-27,Toys,Backtest,526.2691033855749,441.7190231879053,614.6740413203693,2
2025-12-28,Toys,Backtest,497.62237312819934,408.5490338498212,580.7991610087254,2
2025-12-29,Toys,Backtest,408.0428071228213,324.8973245253762,492.29387479030254,2
2025-12-30,Toys,Backtest,398.1892192806391,318.1043720990672,479.66800268738587,2
2025-12-31,Toys,Backtest,396.5229412138351,312.34070601234833,484.69177953796645,2
2026-01-01,Toys,Forecast,407.4871654766291,313.83750064482035,504.02793285748805,1
2026-01-02,Toys,Forecast,449.83591644860087,360.1455922586137,537.162300984273,1
2026-01-03,Toys,Forecast,515.9204108231597,427.7702368389316,609.2128003652039,1
2026-01-04,Toys,Forecast,490.761442957082,395.5595493555503,589.7347730782881,1
2026-01-05,Toys,Forecast,389.3357994190469,289.0279362210419,479.97754326230177,1
2026-01-06,Toys,Forecast,368.2432545055248,279.0928918246093,457.6560800590797,1
2026-01-07,Toys,Forecast,357.1463069628083,270.9195516746206,453.7723451016702,1
2026-01-08,Toys,Forecast,362.4866971101929,270.7706098570447,455.6397717918868,1
2026-01-09,Toys,Forecast,410.0441022141808,316.2090170156049,499.3823997534576,1
2026-01-10,Toys,Forecast,477.8010762904416,386.3392401012874,567.0065852847025,1
2026-01-11,Toys,Forecast,453.3988034105317,356.90398021422146,547.3623652089748,1
2026-01-12,Toys,Forecast,352.6765072310924,255.9083857624208,444.32938106026825,1
2026-01-13,Toys,Forecast,333.50577824045206,240.2296017502529,426.1586955272387,1
2026-01-14,Toys,Forecast,324.722551360053,230.4259259504166,418.08525245019234,1
2026-01-15,Toys,Forecast,330.13126556306605,244.6775126384437,419.3401923562668,1
2026-01-16,Toys,Forecast,373.6969809054792,280.41559100345233,463.6893808748557,1
2026-01-17,Toys,Forecast,435.0388005756071,347.27996358461075,522.4328551381197,1
2026-01-18,Toys,Forecast,406.60250904039583,316.63081181582913,494.8564106939944,1
2026-01-19,Toys,Forecast,308.78214908035307,220.05794146679503,409.6628255205055,1
2026-01-20,Toys,Forecast,300.5335842345239,209.9430987261055,394.498077473609,1
2026-01-21,Toys,Forecast,306.21330559541593,215.0008015718976,400.665927515977,1
2026-01-22,Toys,Forecast,323.99579806090685,233.41470760038524,421.2885161674861,1
2026-01-23,Toys,Forecast,374.63193474203706,280.5101498846933,467.7355081138042,1
2026-01-24,Toys,Forecast,438.61933237833847,343.4511992662104,528.9330160451115,1
2026-01-25,Toys,Forecast,411.2276967387719,313.7811174977347,510.1963394402394,1
2026-01-26,Toys,Forecast,314.37006764842124,222.28126136593332,403.1887820740744,1
2026-01-27,Toys,Forecast,305.2869149168093,209.67735748799268,397.7176858118871,1
2026-01-28,Toys,Forecast,306.30551093856747,217.53331430301623,406.254813384268,1
2026-01-29,Toys,Forecast,315.6539587609383,221.2965277751244,405.3703344875003,1
2026-01-30,Toys,Forecast,357.8040553789776,260.42055936787733,446.9950638829925,1
2026-01-31,Toys,Forecast,417.9279539230244,323.5813154571573,514.3030902874194,1
2026-02-01,Toys,Forecast,392.9014651998675,303.0471849814702,479.98399415920073,1
2026-02-02,Toys,Forecast,301.61736643482413,214.6253652610727,391.7861854982992,1
2026-02-03,Toys,Forecast,295.98243635139033,208.2481461335869,383.4827126553325,1
2026-02-04,Toys,Forecast,294.793625959201,201.40539084781,383.8137409144657,1
2026-02-05,Toys,Forecast,297.3745861575434,196.9740691066096,387.9837655353708,1
2026-02-06,Toys,Forecast,332.56236550728414,240.6659855496405,426.7598060385108,1
2026-02-07,Toys,Forecast,389.2900966616901,297.1021332942387,476.58353723441456,1
2026-02-08,Toys,Forecast,364.7716101330778,261.95090239982443,455.6735306777752,1
2026-02-09,Toys,Forecast,275.5100850905293,179.61737913277423,370.2983552443309,1
2026-02-10,Toys,Forecast,271.18389767545267,175.66183419205632,366.8340111412521,1
2026-02-11,Toys,Forecast,270.3842884071577,179.89631132926172,364.0493166353834,1
2026-02-12,Toys,Forecast,273.7849150004656,185.08074341145863,367.4200953865584,1
2026-02-13,Toys,Forecast,310.6301341082159,217.72788101812716,408.5154170101438,1
2026-02-14,Toys,Forecast,367.9432263791515,271.88614841133284,456.2973342005226,1
2026-02-15,Toys,Forecast,340.23171067842884,244.29796646598516,431.55898897466665,1
2026-02-16,Toys,Forecast,243.571408098042,143.69281283448436,335.6738649918856,1
2026-02-17,Toys,Forecast,231.86229387246567,136.8562177955552,324.2207825836862,1
2026-02-18,Toys,Forecast,228.4724716555661,141.9512977737414,316.45795025705826,1
2026-02-19,Toys,Forecast,237.29645689319588,139.39648085856186,328.5769471078814,1
2026-02-20,Toys,Forecast,285.7331508897868,189.82293931274344,377.5701865069615,1
2026-02-21,Toys,Forecast,355.3603668716866,263.82740009876443,453.3033248186046,1
2026-02-22,Toys,Forecast,335.72374694649926,241.07918091709607,435.3903134071826,1
2026-02-23,Toys,Forecast,242.008275956937,148.7793281245055,331.6621058449221,1
2026-02-24,Toys,Forecast,230.06238815223352,136.56558189319244,320.95975201473493,1
2026-02-25,Toys,Forecast,226.30300255982485,136.0207588167171,317.9305387624369,1
2026-02-26,Toys,Forecast,234.3750617694244,141.00532629023246,328.00357314378,1
2026-02-27,Toys,Forecast,279.3939989026382,191.1327220460789,377.7541042106035,1
2026-02-28,Toys,Forecast,341.5207639717362,249.84313843881156,441.7525825965228,1
2026-03-01,Toys,Forecast,312.2851795622714,213.2015354591502,410.9873733251897,1
2026-03-02,Toys,Forecast,211.59466926116065,117.42873911461736,303.31853798498344,1
2026-03-03,Toys,Forecast,199.0323806599229,108.82421131535276,296.4472970182445,1
2026-03-04,Toys,Forecast,200.23455378939087,109.09130384438625,291.6272481922072,1
2026-03-05,Toys,Forecast,214.07905145586804,121.39042809162429,309.3160303861436,1
2026-03-06,Toys,Forecast,260.67968239383896,175.44909408117653,355.163677805112,1
2026-03-07,Toys,Forecast,318.8729772623291,226.75931960976936,414.8174108423355,1
2026-03-08,Toys,Forecast,283.21068667872623,189.41758485744768,378.03290600814506,1
2026-03-09,Toys,Forecast,178.15144711273874,91.68418684107232,274.99038432854326,1
2026-03-10,Toys,Forecast,165.60469499613367,72.98830001941778,262.2963571023336,1
2026-03-11,Toys,Forecast,169.8401133986252,77.47165751364119,264.65651914326503,1
2026-03-12,Toys,Forecast,186.93153190941024,91.82961934515536,280.3464698009286,1
2026-03-13,Toys,Forecast,235.61898921027185,138.48256831112445,321.9702021122363,1
2026-03-14,Toys,Forecast,295.5466767813654,198.89851382189988,388.1072336450228,1
2026-03-15,Toys,Forecast,262.33982717553744,160.17891757830435,356.1617743560408,1
2026-03-16,Toys,Forecast,159.6766946637889,72.9455525261847,260.2006321758397,1
2026-03-17,Toys,Forecast,146.91667446351292,50.88943826884958,235.49445911305,1
2026-03-18,Toys,Forecast,146.4418827966018,55.841399227220776,236.27682959688212,1
2026-03-19,Toys,Forecast,156.00366648492272,63.65804768046796,254.6661793393671,1
2026-03-20,Toys,Forecast,199.29507742782627,104.8489058241937,286.1717659612764,1
2026-03-21,Toys,Forecast,260.66868583653394,169.05830905916855,358.11280230243227,1
2026-03-22,Toys,Forecast,236.36756580299132,144.45769627305162,325.69683400442483,1
2026-03-23,Toys,Forecast,146.02148779823017,49.57773014833498,237.33285961712005,1
2026-03-24,Toys,Forecast,143.37883030391384,46.53941548251038,234.63223196356543,1
2026-03-25,Toys,Forecast,147.58139323876648,53.03995722240389,238.53112116294275,1
2026-03-26,Toys,Forecast,157.34183615533155,69.33226179916574,244.2098743906272,1
2026-03-27,Toys,Forecast,199.3499542852895,107.249133027262,295.6398051185714,1
2026-03-28,Toys,Forecast,259.4121761672712,162.39323266469407,350.0087631748685,1
2026-03-29,Toys,Forecast,232.2639003869468,141.7022667024918,324.018163162092,1
2026-03-30,Toys,Forecast,135.27576126537934,48.05364438729191,224.01898051012063,1
2026-03-31,Toys,Forecast,122.51833479985945,30.82519213985454,218.54979936144684,1
